\\tu\cla\Jarcho\STUDIES\Social_Doors\College_Social_Doors\Data\CompletedData\004\social\SPADE_Social_Doors_052318-3846-1.edat2,,,,,,,,,,,,,,,,,,,,,,,,,,,,,,,,,,,,,,,,,,,,,,,,,,,,,,,,,,,,,,,,,,,,,,,,,,,,,,,,,,,,,,,,,,,,,,,,,,,,,,,,,,,,,,,,,,,,,,,,,,,,,,,,,,,,,,,,,,,,,,,,,,,,,,,,,,,,
ExperimentName,Subject,Session,AgeRange,Clock.Information,DataFile.Basename,Display.RefreshRate,ExperimentVersion,GoodBye.ActionDelay,GoodBye.ActionTime,GoodBye.CustomOffsetTime,GoodBye.CustomOnsetTime,GoodBye.Duration,GoodBye.DurationError,GoodBye.FinishTime,GoodBye.OffsetDelay,GoodBye.OffsetTime,GoodBye.OnsetDelay,GoodBye.OnsetTime,GoodBye.OnsetToOnsetTime,GoodBye.PreRelease,GoodBye.StartTime,Group,RandomSeed,RuntimeCapabilities,RuntimeVersion,RuntimeVersionExpected,SessionDate,SessionStartDateTimeUtc,SessionTime,StudioVersion,Version,Block,PleaseRest.ActionDelay,PleaseRest.ActionTime,PleaseRest.CustomOffsetTime,PleaseRest.CustomOnsetTime,PleaseRest.Duration,PleaseRest.DurationError,PleaseRest.FinishTime,PleaseRest.OffsetDelay,PleaseRest.OffsetTime,PleaseRest.OnsetDelay,PleaseRest.OnsetTime,PleaseRest.OnsetToOnsetTime,PleaseRest.PendingInputMasks,PleaseRest.PreRelease,PleaseRest.StartTime,PleaseRest.TargetOffsetTime,PleaseRest.TargetOnsetTime,PleaseRest.TimingMode,Procedure[Block],RunListB,RunListB.Cycle,RunListB.Sample,Running[Block],ScannerTriggerB.OffsetTime,ScannerTriggerB.RESP,ScannerTriggerB.RTTime,ScannerTriggerB.StartTime,Trial,BlockNumber,DislikeInstructions.ActionDelay,DislikeInstructions.ActionTime,DislikeInstructions.CustomOffsetTime,DislikeInstructions.CustomOnsetTime,DislikeInstructions.Duration,DislikeInstructions.DurationError,DislikeInstructions.FinishTime,DislikeInstructions.OffsetDelay,DislikeInstructions.OffsetTime,DislikeInstructions.OnsetDelay,DislikeInstructions.OnsetTime,DislikeInstructions.OnsetToOnsetTime,DislikeInstructions.PendingInputMasks,DislikeInstructions.PreRelease,DislikeInstructions.RESP,DislikeInstructions.StartTime,Faces.ACC,Faces.CRESP,Faces.DurationError,Faces.OnsetDelay,Faces.OnsetTime,Faces.OnsetToOnsetTime,Faces.RESP,Faces.RT,Faces.RTTime,Fixation1.DurationError,Fixation1.OffsetTime,Fixation1.OnsetDelay,Fixation1.OnsetTime,Fixation1.OnsetToOnsetTime,Fixation2.DurationError,Fixation2.OffsetTime,Fixation2.OnsetDelay,Fixation2.OnsetTime,Fixation2.OnsetToOnsetTime,FollowWinLoss,Image,ITI,ITI.DurationError,ITI.OffsetTime,ITI.OnsetDelay,ITI.OnsetTime,ITI.OnsetToOnsetTime,LeftFace,LikeInstructions.ActionDelay,LikeInstructions.ActionTime,LikeInstructions.CustomOffsetTime,LikeInstructions.CustomOnsetTime,LikeInstructions.Duration,LikeInstructions.DurationError,LikeInstructions.FinishTime,LikeInstructions.OffsetTime,LikeInstructions.OnsetDelay,LikeInstructions.OnsetTime,LikeInstructions.OnsetToOnsetTime,LikeInstructions.RESP,LikeInstructions.RT,Outcome.ACC,Outcome.ActionDelay,Outcome.ActionTime,Outcome.CRESP,Outcome.CustomOffsetTime,Outcome.CustomOnsetTime,Outcome.Duration,Outcome.DurationError,Outcome.FinishTime,Outcome.OffsetDelay,Outcome.OffsetTime,Outcome.OnsetDelay,Outcome.OnsetTime,Outcome.OnsetToOnsetTime,Outcome.PendingInputMasks,Outcome.PreRelease,Outcome.RESP,Outcome.RT,Outcome.RTTime,Outcome.StartTime,Outcome.Tag,Outcome.TargetOffsetTime,Outcome.TargetOnsetTime,Outcome.TimingMode,Procedure[Trial],RightFace,RunBlockB1,RunBlockB1.Cycle,RunBlockB1.Sample,RunBlockB2,RunBlockB2.Cycle,RunBlockB2.Sample,RunLoseWin,Running[Trial],RunWinLose,TrialListDislikeB,TrialListLikeB,TrialType
SPADE_Social_Doors_052318,3846,1,18+,"<?xml version=""1.0""?>\n<Clock xmlns:dt=""urn:schemas-microsoft-com:datatypes""><Description dt:dt=""string"">E-Prime Primary Realtime Clock</Description><StartTime><Timestamp dt:dt=""int"">0</Timestamp><DateUtc dt:dt=""string"">2019-04-01T20:22:00Z</DateUtc></StartTime><FrequencyChanges><FrequencyChange><Frequency dt:dt=""r8"">3410117</Frequency><Timestamp dt:dt=""r8"">80797112375</Timestamp><Current dt:dt=""r8"">0</Current><DateUtc dt:dt=""string"">2019-04-01T20:22:00Z</DateUtc></FrequencyChange></FrequencyChanges></Clock>\n",SPADE_Social_Doors_052318-3846-1,75.03,1.0.0.297,0,717725,0,0,5000,0,722725,0,722725,12,717725,0,0,712717,1,-806614696,Professional,2.0.10.356,2.0.10.356,4/1/19,4/1/19 20:22,16:22:00,2.0.10.252,VersionB,1,0,418419,0,0,5000,0,418419,0,418419,7,418419,0,0,-1,418313,418419,418412,0,RunWinLoseB,2,1,1,RunListB,145871,t,145871,132157,1,1,,,,,,,,,,,,,,,,,,,,,,,,,,,,,,,,,,,,,,,,,,,,,0,145902,0,0,5000,0,145902,145902,31,145902,0,t,2069,,,,,,,,,,,,,,,,,,,,,,,,,LikeInstructionProc,,,,,1,1,1,,RunBlockB2,RunWinLose,,,
SPADE_Social_Doors_052318,3846,1,18+,"<?xml version=""1.0""?>\n<Clock xmlns:dt=""urn:schemas-microsoft-com:datatypes""><Description dt:dt=""string"">E-Prime Primary Realtime Clock</Description><StartTime><Timestamp dt:dt=""int"">0</Timestamp><DateUtc dt:dt=""string"">2019-04-01T20:22:00Z</DateUtc></StartTime><FrequencyChanges><FrequencyChange><Frequency dt:dt=""r8"">3410117</Frequency><Timestamp dt:dt=""r8"">80797112375</Timestamp><Current dt:dt=""r8"">0</Current><DateUtc dt:dt=""string"">2019-04-01T20:22:00Z</DateUtc></FrequencyChange></FrequencyChanges></Clock>\n",SPADE_Social_Doors_052318-3846-1,75.03,1.0.0.297,0,717725,0,0,5000,0,722725,0,722725,12,717725,0,0,712717,1,-806614696,Professional,2.0.10.356,2.0.10.356,4/1/19,4/1/19 20:22,16:22:00,2.0.10.252,VersionB,1,0,418419,0,0,5000,0,418419,0,418419,7,418419,0,0,-1,418313,418419,418412,0,RunWinLoseB,2,1,1,RunListB,145871,t,145871,132157,2,1,,,,,,,,,,,,,,,,,0,,-11,11,151513,2999,b,1282,152795,-11,151402,11,150913,600,-10,155002,10,154512,613,blockstart,Line.bmp,1100,-23,157102,23,156125,0,M18.jpg,,,,,,,,,,,,,,0,0,155125,,0,0,1000,-23,156002,0,156002,23,155125,1000,0,100,,0,0,155002,,156002,155102,1,LikeProc,M120.jpg,,,,2,1,2,,RunBlockB2,RunWinLose,,1,loss
SPADE_Social_Doors_052318,3846,1,18+,"<?xml version=""1.0""?>\n<Clock xmlns:dt=""urn:schemas-microsoft-com:datatypes""><Description dt:dt=""string"">E-Prime Primary Realtime Clock</Description><StartTime><Timestamp dt:dt=""int"">0</Timestamp><DateUtc dt:dt=""string"">2019-04-01T20:22:00Z</DateUtc></StartTime><FrequencyChanges><FrequencyChange><Frequency dt:dt=""r8"">3410117</Frequency><Timestamp dt:dt=""r8"">80797112375</Timestamp><Current dt:dt=""r8"">0</Current><DateUtc dt:dt=""string"">2019-04-01T20:22:00Z</DateUtc></FrequencyChange></FrequencyChanges></Clock>\n",SPADE_Social_Doors_052318-3846-1,75.03,1.0.0.297,0,717725,0,0,5000,0,722725,0,722725,12,717725,0,0,712717,1,-806614696,Professional,2.0.10.356,2.0.10.356,4/1/19,4/1/19 20:22,16:22:00,2.0.10.252,VersionB,1,0,418419,0,0,5000,0,418419,0,418419,7,418419,0,0,-1,418313,418419,418412,0,RunWinLoseB,2,1,1,RunListB,145871,t,145871,132157,3,1,,,,,,,,,,,,,,,,,0,,-2,2,157804,2999,g,1319,159123,-2,157702,2,157204,600,-1,161302,1,160803,599,winfollowloss,UpArrow.bmp,3200,-13,165502,13,162415,0,M12.jpg,,,,,,,,,,,,,,0,0,161402,,0,0,1000,0,162302,0,162302,0,161402,1013,0,100,,0,0,161302,,162302,161402,1,LikeProc,M114.jpg,,,,3,1,3,,RunBlockB2,RunWinLose,,2,win
SPADE_Social_Doors_052318,3846,1,18+,"<?xml version=""1.0""?>\n<Clock xmlns:dt=""urn:schemas-microsoft-com:datatypes""><Description dt:dt=""string"">E-Prime Primary Realtime Clock</Description><StartTime><Timestamp dt:dt=""int"">0</Timestamp><DateUtc dt:dt=""string"">2019-04-01T20:22:00Z</DateUtc></StartTime><FrequencyChanges><FrequencyChange><Frequency dt:dt=""r8"">3410117</Frequency><Timestamp dt:dt=""r8"">80797112375</Timestamp><Current dt:dt=""r8"">0</Current><DateUtc dt:dt=""string"">2019-04-01T20:22:00Z</DateUtc></FrequencyChange></FrequencyChanges></Clock>\n",SPADE_Social_Doors_052318-3846-1,75.03,1.0.0.297,0,717725,0,0,5000,0,722725,0,722725,12,717725,0,0,712717,1,-806614696,Professional,2.0.10.356,2.0.10.356,4/1/19,4/1/19 20:22,16:22:00,2.0.10.252,VersionB,1,0,418419,0,0,5000,0,418419,0,418419,7,418419,0,0,-1,418313,418419,418412,0,RunWinLoseB,2,1,1,RunListB,145871,t,145871,132157,4,1,,,,,,,,,,,,,,,,,0,,-12,12,166214,2999,b,1460,167674,-12,166102,12,165614,600,-11,169702,11,169213,599,lossfollowwin,Line.bmp,5300,-23,176002,23,170825,0,M98.jpg,,,,,,,,,,,,,,0,0,169812,,0,0,1000,-10,170702,0,170702,10,169812,1013,0,100,,0,0,169702,,170702,169802,1,LikeProc,M04.jpg,,,,4,1,4,,RunBlockB2,RunWinLose,,3,loss
SPADE_Social_Doors_052318,3846,1,18+,"<?xml version=""1.0""?>\n<Clock xmlns:dt=""urn:schemas-microsoft-com:datatypes""><Description dt:dt=""string"">E-Prime Primary Realtime Clock</Description><StartTime><Timestamp dt:dt=""int"">0</Timestamp><DateUtc dt:dt=""string"">2019-04-01T20:22:00Z</DateUtc></StartTime><FrequencyChanges><FrequencyChange><Frequency dt:dt=""r8"">3410117</Frequency><Timestamp dt:dt=""r8"">80797112375</Timestamp><Current dt:dt=""r8"">0</Current><DateUtc dt:dt=""string"">2019-04-01T20:22:00Z</DateUtc></FrequencyChange></FrequencyChanges></Clock>\n",SPADE_Social_Doors_052318-3846-1,75.03,1.0.0.297,0,717725,0,0,5000,0,722725,0,722725,12,717725,0,0,712717,1,-806614696,Professional,2.0.10.356,2.0.10.356,4/1/19,4/1/19 20:22,16:22:00,2.0.10.252,VersionB,1,0,418419,0,0,5000,0,418419,0,418419,7,418419,0,0,-1,418313,418419,418412,0,RunWinLoseB,2,1,1,RunListB,145871,t,145871,132157,5,1,,,,,,,,,,,,,,,,,0,,-1,1,176703,2999,g,1718,178421,-1,176602,1,176103,600,0,180202,0,179702,613,lossfollowloss,Line.bmp,11600,-26,192802,26,181328,0,F74.jpg,,,,,,,,,,,,,,0,0,180315,,0,0,1000,-13,181202,0,181202,13,180315,1013,0,100,,0,0,180202,,181202,180302,1,LikeProc,F78.jpg,,,,5,1,5,,RunBlockB2,RunWinLose,,4,loss
SPADE_Social_Doors_052318,3846,1,18+,"<?xml version=""1.0""?>\n<Clock xmlns:dt=""urn:schemas-microsoft-com:datatypes""><Description dt:dt=""string"">E-Prime Primary Realtime Clock</Description><StartTime><Timestamp dt:dt=""int"">0</Timestamp><DateUtc dt:dt=""string"">2019-04-01T20:22:00Z</DateUtc></StartTime><FrequencyChanges><FrequencyChange><Frequency dt:dt=""r8"">3410117</Frequency><Timestamp dt:dt=""r8"">80797112375</Timestamp><Current dt:dt=""r8"">0</Current><DateUtc dt:dt=""string"">2019-04-01T20:22:00Z</DateUtc></FrequencyChange></FrequencyChanges></Clock>\n",SPADE_Social_Doors_052318-3846-1,75.03,1.0.0.297,0,717725,0,0,5000,0,722725,0,722725,12,717725,0,0,712717,1,-806614696,Professional,2.0.10.356,2.0.10.356,4/1/19,4/1/19 20:22,16:22:00,2.0.10.252,VersionB,1,0,418419,0,0,5000,0,418419,0,418419,7,418419,0,0,-1,418313,418419,418412,0,RunWinLoseB,2,1,1,RunListB,145871,t,145871,132157,6,1,,,,,,,,,,,,,,,,,0,,-7,7,193509,2999,b,1212,194721,-8,193402,8,192910,599,-6,197002,6,196508,600,lossfollowloss,Line.bmp,5300,-19,203302,19,198121,0,F110.jpg,,,,,,,,,,,,,,0,0,197108,,0,0,1000,-6,198002,0,198002,6,197108,1013,0,100,,0,0,197002,,198002,197102,1,LikeProc,F88.jpg,,,,6,1,6,,RunBlockB2,RunWinLose,,5,loss
SPADE_Social_Doors_052318,3846,1,18+,"<?xml version=""1.0""?>\n<Clock xmlns:dt=""urn:schemas-microsoft-com:datatypes""><Description dt:dt=""string"">E-Prime Primary Realtime Clock</Description><StartTime><Timestamp dt:dt=""int"">0</Timestamp><DateUtc dt:dt=""string"">2019-04-01T20:22:00Z</DateUtc></StartTime><FrequencyChanges><FrequencyChange><Frequency dt:dt=""r8"">3410117</Frequency><Timestamp dt:dt=""r8"">80797112375</Timestamp><Current dt:dt=""r8"">0</Current><DateUtc dt:dt=""string"">2019-04-01T20:22:00Z</DateUtc></FrequencyChange></FrequencyChanges></Clock>\n",SPADE_Social_Doors_052318-3846-1,75.03,1.0.0.297,0,717725,0,0,5000,0,722725,0,722725,12,717725,0,0,712717,1,-806614696,Professional,2.0.10.356,2.0.10.356,4/1/19,4/1/19 20:22,16:22:00,2.0.10.252,VersionB,1,0,418419,0,0,5000,0,418419,0,418419,7,418419,0,0,-1,418313,418419,418412,0,RunWinLoseB,2,1,1,RunListB,145871,t,145871,132157,7,1,,,,,,,,,,,,,,,,,0,,-10,10,204012,2999,g,2271,206283,-10,203902,10,203412,600,-9,207502,9,207011,599,winfollowloss,UpArrow.bmp,3200,-21,211702,21,208623,0,M32.jpg,,,,,,,,,,,,,,0,0,207610,,0,0,1000,-8,208502,0,208502,8,207610,1013,0,100,,0,0,207502,,208502,207602,1,LikeProc,M96.jpg,,,,7,1,7,,RunBlockB2,RunWinLose,,6,win
SPADE_Social_Doors_052318,3846,1,18+,"<?xml version=""1.0""?>\n<Clock xmlns:dt=""urn:schemas-microsoft-com:datatypes""><Description dt:dt=""string"">E-Prime Primary Realtime Clock</Description><StartTime><Timestamp dt:dt=""int"">0</Timestamp><DateUtc dt:dt=""string"">2019-04-01T20:22:00Z</DateUtc></StartTime><FrequencyChanges><FrequencyChange><Frequency dt:dt=""r8"">3410117</Frequency><Timestamp dt:dt=""r8"">80797112375</Timestamp><Current dt:dt=""r8"">0</Current><DateUtc dt:dt=""string"">2019-04-01T20:22:00Z</DateUtc></FrequencyChange></FrequencyChanges></Clock>\n",SPADE_Social_Doors_052318-3846-1,75.03,1.0.0.297,0,717725,0,0,5000,0,722725,0,722725,12,717725,0,0,712717,1,-806614696,Professional,2.0.10.356,2.0.10.356,4/1/19,4/1/19 20:22,16:22:00,2.0.10.252,VersionB,1,0,418419,0,0,5000,0,418419,0,418419,7,418419,0,0,-1,418313,418419,418412,0,RunWinLoseB,2,1,1,RunListB,145871,t,145871,132157,8,1,,,,,,,,,,,,,,,,,0,,-7,7,212409,2998,g,1793,214202,-7,212302,7,211809,600,-5,215902,5,215407,600,winfollowwin,UpArrow.bmp,1100,-5,218002,5,217007,0,M106.jpg,,,,,,,,,,,,,,0,0,216007,,0,0,1000,-5,216902,0,216902,5,216007,1000,0,100,,0,0,215902,,216902,216002,1,LikeProc,M54.jpg,,,,8,1,8,,RunBlockB2,RunWinLose,,7,win
SPADE_Social_Doors_052318,3846,1,18+,"<?xml version=""1.0""?>\n<Clock xmlns:dt=""urn:schemas-microsoft-com:datatypes""><Description dt:dt=""string"">E-Prime Primary Realtime Clock</Description><StartTime><Timestamp dt:dt=""int"">0</Timestamp><DateUtc dt:dt=""string"">2019-04-01T20:22:00Z</DateUtc></StartTime><FrequencyChanges><FrequencyChange><Frequency dt:dt=""r8"">3410117</Frequency><Timestamp dt:dt=""r8"">80797112375</Timestamp><Current dt:dt=""r8"">0</Current><DateUtc dt:dt=""string"">2019-04-01T20:22:00Z</DateUtc></FrequencyChange></FrequencyChanges></Clock>\n",SPADE_Social_Doors_052318-3846-1,75.03,1.0.0.297,0,717725,0,0,5000,0,722725,0,722725,12,717725,0,0,712717,1,-806614696,Professional,2.0.10.356,2.0.10.356,4/1/19,4/1/19 20:22,16:22:00,2.0.10.252,VersionB,1,0,418419,0,0,5000,0,418419,0,418419,7,418419,0,0,-1,418313,418419,418412,0,RunWinLoseB,2,1,1,RunListB,145871,t,145871,132157,9,1,,,,,,,,,,,,,,,,,0,,-11,11,218713,2998,g,2004,220717,-11,218602,11,218113,600,-9,222202,9,221711,600,lossfollowwin,Line.bmp,3200,-22,226402,22,223324,0,F04.jpg,,,,,,,,,,,,,,0,0,222311,,0,0,1000,-9,223202,0,223202,9,222311,1013,0,100,,0,0,222202,,223202,222302,1,LikeProc,F64.jpg,,,,9,1,9,,RunBlockB2,RunWinLose,,8,loss
SPADE_Social_Doors_052318,3846,1,18+,"<?xml version=""1.0""?>\n<Clock xmlns:dt=""urn:schemas-microsoft-com:datatypes""><Description dt:dt=""string"">E-Prime Primary Realtime Clock</Description><StartTime><Timestamp dt:dt=""int"">0</Timestamp><DateUtc dt:dt=""string"">2019-04-01T20:22:00Z</DateUtc></StartTime><FrequencyChanges><FrequencyChange><Frequency dt:dt=""r8"">3410117</Frequency><Timestamp dt:dt=""r8"">80797112375</Timestamp><Current dt:dt=""r8"">0</Current><DateUtc dt:dt=""string"">2019-04-01T20:22:00Z</DateUtc></FrequencyChange></FrequencyChanges></Clock>\n",SPADE_Social_Doors_052318-3846-1,75.03,1.0.0.297,0,717725,0,0,5000,0,722725,0,722725,12,717725,0,0,712717,1,-806614696,Professional,2.0.10.356,2.0.10.356,4/1/19,4/1/19 20:22,16:22:00,2.0.10.252,VersionB,1,0,418419,0,0,5000,0,418419,0,418419,7,418419,0,0,-1,418313,418419,418412,0,RunWinLoseB,2,1,1,RunListB,145871,t,145871,132157,10,1,,,,,,,,,,,,,,,,,0,,-7,7,227109,2999,b,1552,228661,-8,227002,8,226510,599,-6,230602,6,230108,600,winfollowloss,UpArrow.bmp,3200,-19,234802,19,231721,0,F44.jpg,,,,,,,,,,,,,,0,0,230708,,0,0,1000,-6,231602,0,231602,6,230708,1013,0,100,,0,0,230602,,231602,230702,1,LikeProc,F54.jpg,,,,10,1,10,,RunBlockB2,RunWinLose,,9,win
SPADE_Social_Doors_052318,3846,1,18+,"<?xml version=""1.0""?>\n<Clock xmlns:dt=""urn:schemas-microsoft-com:datatypes""><Description dt:dt=""string"">E-Prime Primary Realtime Clock</Description><StartTime><Timestamp dt:dt=""int"">0</Timestamp><DateUtc dt:dt=""string"">2019-04-01T20:22:00Z</DateUtc></StartTime><FrequencyChanges><FrequencyChange><Frequency dt:dt=""r8"">3410117</Frequency><Timestamp dt:dt=""r8"">80797112375</Timestamp><Current dt:dt=""r8"">0</Current><DateUtc dt:dt=""string"">2019-04-01T20:22:00Z</DateUtc></FrequencyChange></FrequencyChanges></Clock>\n",SPADE_Social_Doors_052318-3846-1,75.03,1.0.0.297,0,717725,0,0,5000,0,722725,0,722725,12,717725,0,0,712717,1,-806614696,Professional,2.0.10.356,2.0.10.356,4/1/19,4/1/19 20:22,16:22:00,2.0.10.252,VersionB,1,0,418419,0,0,5000,0,418419,0,418419,7,418419,0,0,-1,418313,418419,418412,0,RunWinLoseB,2,1,1,RunListB,145871,t,145871,132157,11,1,,,,,,,,,,,,,,,,,0,,-4,4,235506,2999,g,1327,236833,-4,235402,4,234906,600,-3,239002,3,238505,599,winfollowwin,UpArrow.bmp,1100,-15,241102,15,240117,0,F38.jpg,,,,,,,,,,,,,,0,0,239104,,0,0,1000,-2,240002,0,240002,2,239104,1013,0,100,,0,0,239002,,240002,239102,1,LikeProc,F68.jpg,,,,11,1,11,,RunBlockB2,RunWinLose,,10,win
SPADE_Social_Doors_052318,3846,1,18+,"<?xml version=""1.0""?>\n<Clock xmlns:dt=""urn:schemas-microsoft-com:datatypes""><Description dt:dt=""string"">E-Prime Primary Realtime Clock</Description><StartTime><Timestamp dt:dt=""int"">0</Timestamp><DateUtc dt:dt=""string"">2019-04-01T20:22:00Z</DateUtc></StartTime><FrequencyChanges><FrequencyChange><Frequency dt:dt=""r8"">3410117</Frequency><Timestamp dt:dt=""r8"">80797112375</Timestamp><Current dt:dt=""r8"">0</Current><DateUtc dt:dt=""string"">2019-04-01T20:22:00Z</DateUtc></FrequencyChange></FrequencyChanges></Clock>\n",SPADE_Social_Doors_052318-3846-1,75.03,1.0.0.297,0,717725,0,0,5000,0,722725,0,722725,12,717725,0,0,712717,1,-806614696,Professional,2.0.10.356,2.0.10.356,4/1/19,4/1/19 20:22,16:22:00,2.0.10.252,VersionB,1,0,418419,0,0,5000,0,418419,0,418419,7,418419,0,0,-1,418313,418419,418412,0,RunWinLoseB,2,1,1,RunListB,145871,t,145871,132157,12,1,,,,,,,,,,,,,,,,,0,,-8,8,241810,2999,b,1387,243197,-8,241702,8,241210,600,-7,245302,7,244809,600,winfollowwin,UpArrow.bmp,1100,-19,247402,19,246421,0,F02.jpg,,,,,,,,,,,,,,0,0,245409,,0,0,1000,-7,246302,0,246302,7,245409,1012,0,100,,0,0,245302,,246302,245402,1,LikeProc,F94.jpg,,,,12,1,12,,RunBlockB2,RunWinLose,,11,win
SPADE_Social_Doors_052318,3846,1,18+,"<?xml version=""1.0""?>\n<Clock xmlns:dt=""urn:schemas-microsoft-com:datatypes""><Description dt:dt=""string"">E-Prime Primary Realtime Clock</Description><StartTime><Timestamp dt:dt=""int"">0</Timestamp><DateUtc dt:dt=""string"">2019-04-01T20:22:00Z</DateUtc></StartTime><FrequencyChanges><FrequencyChange><Frequency dt:dt=""r8"">3410117</Frequency><Timestamp dt:dt=""r8"">80797112375</Timestamp><Current dt:dt=""r8"">0</Current><DateUtc dt:dt=""string"">2019-04-01T20:22:00Z</DateUtc></FrequencyChange></FrequencyChanges></Clock>\n",SPADE_Social_Doors_052318-3846-1,75.03,1.0.0.297,0,717725,0,0,5000,0,722725,0,722725,12,717725,0,0,712717,1,-806614696,Professional,2.0.10.356,2.0.10.356,4/1/19,4/1/19 20:22,16:22:00,2.0.10.252,VersionB,1,0,418419,0,0,5000,0,418419,0,418419,7,418419,0,0,-1,418313,418419,418412,0,RunWinLoseB,2,1,1,RunListB,145871,t,145871,132157,13,1,,,,,,,,,,,,,,,,,0,,-12,12,248114,2999,b,1622,249736,-12,248002,12,247514,600,-11,251602,11,251113,600,lossfollowwin,Line.bmp,1100,-24,253702,24,252726,0,M22.jpg,,,,,,,,,,,,,,0,0,251713,,0,0,1000,-11,252602,0,252602,11,251713,1013,0,100,,0,0,251602,,252602,251702,1,LikeProc,M40.jpg,,,,13,1,13,,RunBlockB2,RunWinLose,,12,loss
SPADE_Social_Doors_052318,3846,1,18+,"<?xml version=""1.0""?>\n<Clock xmlns:dt=""urn:schemas-microsoft-com:datatypes""><Description dt:dt=""string"">E-Prime Primary Realtime Clock</Description><StartTime><Timestamp dt:dt=""int"">0</Timestamp><DateUtc dt:dt=""string"">2019-04-01T20:22:00Z</DateUtc></StartTime><FrequencyChanges><FrequencyChange><Frequency dt:dt=""r8"">3410117</Frequency><Timestamp dt:dt=""r8"">80797112375</Timestamp><Current dt:dt=""r8"">0</Current><DateUtc dt:dt=""string"">2019-04-01T20:22:00Z</DateUtc></FrequencyChange></FrequencyChanges></Clock>\n",SPADE_Social_Doors_052318-3846-1,75.03,1.0.0.297,0,717725,0,0,5000,0,722725,0,722725,12,717725,0,0,712717,1,-806614696,Professional,2.0.10.356,2.0.10.356,4/1/19,4/1/19 20:22,16:22:00,2.0.10.252,VersionB,1,0,418419,0,0,5000,0,418419,0,418419,7,418419,0,0,-1,418313,418419,418412,0,RunWinLoseB,2,1,1,RunListB,145871,t,145871,132157,14,1,,,,,,,,,,,,,,,,,0,,-3,3,254405,2999,g,1978,256383,-3,254302,3,253805,600,-2,257902,2,257404,599,winfollowloss,UpArrow.bmp,5300,-1,264202,1,259003,0,M30.jpg,,,,,,,,,,,,,,0,0,258003,,0,0,1000,-1,258902,0,258902,1,258003,1000,0,100,,0,0,257902,,258902,258002,1,LikeProc,M06.jpg,,,,14,1,14,,RunBlockB2,RunWinLose,,13,win
SPADE_Social_Doors_052318,3846,1,18+,"<?xml version=""1.0""?>\n<Clock xmlns:dt=""urn:schemas-microsoft-com:datatypes""><Description dt:dt=""string"">E-Prime Primary Realtime Clock</Description><StartTime><Timestamp dt:dt=""int"">0</Timestamp><DateUtc dt:dt=""string"">2019-04-01T20:22:00Z</DateUtc></StartTime><FrequencyChanges><FrequencyChange><Frequency dt:dt=""r8"">3410117</Frequency><Timestamp dt:dt=""r8"">80797112375</Timestamp><Current dt:dt=""r8"">0</Current><DateUtc dt:dt=""string"">2019-04-01T20:22:00Z</DateUtc></FrequencyChange></FrequencyChanges></Clock>\n",SPADE_Social_Doors_052318-3846-1,75.03,1.0.0.297,0,717725,0,0,5000,0,722725,0,722725,12,717725,0,0,712717,1,-806614696,Professional,2.0.10.356,2.0.10.356,4/1/19,4/1/19 20:22,16:22:00,2.0.10.252,VersionB,1,0,418419,0,0,5000,0,418419,0,418419,7,418419,0,0,-1,418313,418419,418412,0,RunWinLoseB,2,1,1,RunListB,145871,t,145871,132157,15,1,,,,,,,,,,,,,,,,,0,,-5,5,264907,2999,g,1435,266342,-6,264802,6,264308,599,-4,268402,4,267906,600,lossfollowwin,Line.bmp,5300,-4,274702,4,269506,0,M36.jpg,,,,,,,,,,,,,,0,0,268506,,0,0,1000,-4,269402,0,269402,4,268506,1000,0,100,,0,0,268402,,269402,268502,1,LikeProc,M44.jpg,,,,15,1,15,,RunBlockB2,RunWinLose,,14,loss
SPADE_Social_Doors_052318,3846,1,18+,"<?xml version=""1.0""?>\n<Clock xmlns:dt=""urn:schemas-microsoft-com:datatypes""><Description dt:dt=""string"">E-Prime Primary Realtime Clock</Description><StartTime><Timestamp dt:dt=""int"">0</Timestamp><DateUtc dt:dt=""string"">2019-04-01T20:22:00Z</DateUtc></StartTime><FrequencyChanges><FrequencyChange><Frequency dt:dt=""r8"">3410117</Frequency><Timestamp dt:dt=""r8"">80797112375</Timestamp><Current dt:dt=""r8"">0</Current><DateUtc dt:dt=""string"">2019-04-01T20:22:00Z</DateUtc></FrequencyChange></FrequencyChanges></Clock>\n",SPADE_Social_Doors_052318-3846-1,75.03,1.0.0.297,0,717725,0,0,5000,0,722725,0,722725,12,717725,0,0,712717,1,-806614696,Professional,2.0.10.356,2.0.10.356,4/1/19,4/1/19 20:22,16:22:00,2.0.10.252,VersionB,1,0,418419,0,0,5000,0,418419,0,418419,7,418419,0,0,-1,418313,418419,418412,0,RunWinLoseB,2,1,1,RunListB,145871,t,145871,132157,16,1,,,,,,,,,,,,,,,,,0,,-8,8,275410,2999,g,1597,277007,-8,275302,8,274810,600,-7,278902,7,278409,599,lossfollowloss,Line.bmp,5300,-6,285202,6,280008,0,F86.jpg,,,,,,,,,,,,,,0,0,279008,,0,0,1000,-6,279902,0,279902,6,279008,1000,0,100,,0,0,278902,,279902,279002,1,LikeProc,F48.jpg,,,,16,1,16,,RunBlockB2,RunWinLose,,15,loss
SPADE_Social_Doors_052318,3846,1,18+,"<?xml version=""1.0""?>\n<Clock xmlns:dt=""urn:schemas-microsoft-com:datatypes""><Description dt:dt=""string"">E-Prime Primary Realtime Clock</Description><StartTime><Timestamp dt:dt=""int"">0</Timestamp><DateUtc dt:dt=""string"">2019-04-01T20:22:00Z</DateUtc></StartTime><FrequencyChanges><FrequencyChange><Frequency dt:dt=""r8"">3410117</Frequency><Timestamp dt:dt=""r8"">80797112375</Timestamp><Current dt:dt=""r8"">0</Current><DateUtc dt:dt=""string"">2019-04-01T20:22:00Z</DateUtc></FrequencyChange></FrequencyChanges></Clock>\n",SPADE_Social_Doors_052318-3846-1,75.03,1.0.0.297,0,717725,0,0,5000,0,722725,0,722725,12,717725,0,0,712717,1,-806614696,Professional,2.0.10.356,2.0.10.356,4/1/19,4/1/19 20:22,16:22:00,2.0.10.252,VersionB,1,0,418419,0,0,5000,0,418419,0,418419,7,418419,0,0,-1,418313,418419,418412,0,RunWinLoseB,2,1,1,RunListB,145871,t,145871,132157,17,2,1,285313,0,0,5000,1,285313,1,285313,10,285312,0,0,-1,t,285204,,,,,,,,,,,,,,,,,,,,,,,,,,,,,,,,,,,,,,,,,,,,,,,,,,,,,,,,,,,,,,,,,,DislikeInstructionProc,,,,,17,1,17,,RunBlockB2,RunWinLose,,,
SPADE_Social_Doors_052318,3846,1,18+,"<?xml version=""1.0""?>\n<Clock xmlns:dt=""urn:schemas-microsoft-com:datatypes""><Description dt:dt=""string"">E-Prime Primary Realtime Clock</Description><StartTime><Timestamp dt:dt=""int"">0</Timestamp><DateUtc dt:dt=""string"">2019-04-01T20:22:00Z</DateUtc></StartTime><FrequencyChanges><FrequencyChange><Frequency dt:dt=""r8"">3410117</Frequency><Timestamp dt:dt=""r8"">80797112375</Timestamp><Current dt:dt=""r8"">0</Current><DateUtc dt:dt=""string"">2019-04-01T20:22:00Z</DateUtc></FrequencyChange></FrequencyChanges></Clock>\n",SPADE_Social_Doors_052318-3846-1,75.03,1.0.0.297,0,717725,0,0,5000,0,722725,0,722725,12,717725,0,0,712717,1,-806614696,Professional,2.0.10.356,2.0.10.356,4/1/19,4/1/19 20:22,16:22:00,2.0.10.252,VersionB,1,0,418419,0,0,5000,0,418419,0,418419,7,418419,0,0,-1,418313,418419,418412,0,RunWinLoseB,2,1,1,RunListB,145871,t,145871,132157,18,2,,,,,,,,,,,,,,,,,0,,-12,12,290924,2998,b,2038,292962,-12,290812,12,290324,600,-10,294412,10,293922,600,blockstart,Line.bmp,3200,-10,298612,10,295522,0,M46.jpg,,,,,,,,,,,,,,0,0,294522,,0,0,1000,-10,295412,0,295412,10,294522,1000,0,100,,0,0,294412,,295412,294512,1,DislikeProc,M58.jpg,,,,18,1,18,,RunBlockB2,RunWinLose,1,,loss
SPADE_Social_Doors_052318,3846,1,18+,"<?xml version=""1.0""?>\n<Clock xmlns:dt=""urn:schemas-microsoft-com:datatypes""><Description dt:dt=""string"">E-Prime Primary Realtime Clock</Description><StartTime><Timestamp dt:dt=""int"">0</Timestamp><DateUtc dt:dt=""string"">2019-04-01T20:22:00Z</DateUtc></StartTime><FrequencyChanges><FrequencyChange><Frequency dt:dt=""r8"">3410117</Frequency><Timestamp dt:dt=""r8"">80797112375</Timestamp><Current dt:dt=""r8"">0</Current><DateUtc dt:dt=""string"">2019-04-01T20:22:00Z</DateUtc></FrequencyChange></FrequencyChanges></Clock>\n",SPADE_Social_Doors_052318-3846-1,75.03,1.0.0.297,0,717725,0,0,5000,0,722725,0,722725,12,717725,0,0,712717,1,-806614696,Professional,2.0.10.356,2.0.10.356,4/1/19,4/1/19 20:22,16:22:00,2.0.10.252,VersionB,1,0,418419,0,0,5000,0,418419,0,418419,7,418419,0,0,-1,418313,418419,418412,0,RunWinLoseB,2,1,1,RunListB,145871,t,145871,132157,19,2,,,,,,,,,,,,,,,,,0,,-8,8,299320,2999,g,1887,301207,-8,299212,8,298720,600,-7,302812,7,302319,600,winfollowloss,DownArrow.bmp,3200,-20,307012,20,303932,0,M10.jpg,,,,,,,,,,,,,,0,0,302919,,0,0,1000,-7,303812,0,303812,7,302919,1013,0,100,,0,0,302812,,303812,302912,1,DislikeProc,M72.jpg,,,,19,1,19,,RunBlockB2,RunWinLose,2,,win
SPADE_Social_Doors_052318,3846,1,18+,"<?xml version=""1.0""?>\n<Clock xmlns:dt=""urn:schemas-microsoft-com:datatypes""><Description dt:dt=""string"">E-Prime Primary Realtime Clock</Description><StartTime><Timestamp dt:dt=""int"">0</Timestamp><DateUtc dt:dt=""string"">2019-04-01T20:22:00Z</DateUtc></StartTime><FrequencyChanges><FrequencyChange><Frequency dt:dt=""r8"">3410117</Frequency><Timestamp dt:dt=""r8"">80797112375</Timestamp><Current dt:dt=""r8"">0</Current><DateUtc dt:dt=""string"">2019-04-01T20:22:00Z</DateUtc></FrequencyChange></FrequencyChanges></Clock>\n",SPADE_Social_Doors_052318-3846-1,75.03,1.0.0.297,0,717725,0,0,5000,0,722725,0,722725,12,717725,0,0,712717,1,-806614696,Professional,2.0.10.356,2.0.10.356,4/1/19,4/1/19 20:22,16:22:00,2.0.10.252,VersionB,1,0,418419,0,0,5000,0,418419,0,418419,7,418419,0,0,-1,418313,418419,418412,0,RunWinLoseB,2,1,1,RunListB,145871,t,145871,132157,20,2,,,,,,,,,,,,,,,,,0,,-5,5,307717,2999,b,2039,309756,-5,307612,5,307117,600,-4,311212,4,310716,599,lossfollowwin,Line.bmp,3200,-16,315412,16,312328,0,M62.jpg,,,,,,,,,,,,,,0,0,311315,,0,0,1000,-3,312212,0,312212,3,311315,1013,0,100,,0,0,311212,,312212,311312,1,DislikeProc,M56.jpg,,,,20,1,20,,RunBlockB2,RunWinLose,3,,loss
SPADE_Social_Doors_052318,3846,1,18+,"<?xml version=""1.0""?>\n<Clock xmlns:dt=""urn:schemas-microsoft-com:datatypes""><Description dt:dt=""string"">E-Prime Primary Realtime Clock</Description><StartTime><Timestamp dt:dt=""int"">0</Timestamp><DateUtc dt:dt=""string"">2019-04-01T20:22:00Z</DateUtc></StartTime><FrequencyChanges><FrequencyChange><Frequency dt:dt=""r8"">3410117</Frequency><Timestamp dt:dt=""r8"">80797112375</Timestamp><Current dt:dt=""r8"">0</Current><DateUtc dt:dt=""string"">2019-04-01T20:22:00Z</DateUtc></FrequencyChange></FrequencyChanges></Clock>\n",SPADE_Social_Doors_052318-3846-1,75.03,1.0.0.297,0,717725,0,0,5000,0,722725,0,722725,12,717725,0,0,712717,1,-806614696,Professional,2.0.10.356,2.0.10.356,4/1/19,4/1/19 20:22,16:22:00,2.0.10.252,VersionB,1,0,418419,0,0,5000,0,418419,0,418419,7,418419,0,0,-1,418313,418419,418412,0,RunWinLoseB,2,1,1,RunListB,145871,t,145871,132157,21,2,,,,,,,,,,,,,,,,,0,,-1,1,316113,2999,g,2232,318345,-2,316012,2,315514,599,0,319612,0,319112,600,lossfollowloss,Line.bmp,5300,-13,325912,13,320725,0,F22.jpg,,,,,,,,,,,,,,0,0,319712,,0,0,1000,0,320612,0,320612,0,319712,1013,0,100,,0,0,319612,,320612,319712,1,DislikeProc,F116.jpg,,,,21,1,21,,RunBlockB2,RunWinLose,4,,loss
SPADE_Social_Doors_052318,3846,1,18+,"<?xml version=""1.0""?>\n<Clock xmlns:dt=""urn:schemas-microsoft-com:datatypes""><Description dt:dt=""string"">E-Prime Primary Realtime Clock</Description><StartTime><Timestamp dt:dt=""int"">0</Timestamp><DateUtc dt:dt=""string"">2019-04-01T20:22:00Z</DateUtc></StartTime><FrequencyChanges><FrequencyChange><Frequency dt:dt=""r8"">3410117</Frequency><Timestamp dt:dt=""r8"">80797112375</Timestamp><Current dt:dt=""r8"">0</Current><DateUtc dt:dt=""string"">2019-04-01T20:22:00Z</DateUtc></FrequencyChange></FrequencyChanges></Clock>\n",SPADE_Social_Doors_052318-3846-1,75.03,1.0.0.297,0,717725,0,0,5000,0,722725,0,722725,12,717725,0,0,712717,1,-806614696,Professional,2.0.10.356,2.0.10.356,4/1/19,4/1/19 20:22,16:22:00,2.0.10.252,VersionB,1,0,418419,0,0,5000,0,418419,0,418419,7,418419,0,0,-1,418313,418419,418412,0,RunWinLoseB,2,1,1,RunListB,145871,t,145871,132157,22,2,,,,,,,,,,,,,,,,,0,,-4,4,326616,2999,b,1418,328034,-4,326512,4,326016,600,-3,330112,3,329615,599,lossfollowloss,Line.bmp,5300,-2,336412,2,331214,0,F82.jpg,,,,,,,,,,,,,,0,0,330214,,0,0,1000,-2,331112,0,331112,2,330214,1000,0,100,,0,0,330112,,331112,330212,1,DislikeProc,F104.jpg,,,,22,1,22,,RunBlockB2,RunWinLose,5,,loss
SPADE_Social_Doors_052318,3846,1,18+,"<?xml version=""1.0""?>\n<Clock xmlns:dt=""urn:schemas-microsoft-com:datatypes""><Description dt:dt=""string"">E-Prime Primary Realtime Clock</Description><StartTime><Timestamp dt:dt=""int"">0</Timestamp><DateUtc dt:dt=""string"">2019-04-01T20:22:00Z</DateUtc></StartTime><FrequencyChanges><FrequencyChange><Frequency dt:dt=""r8"">3410117</Frequency><Timestamp dt:dt=""r8"">80797112375</Timestamp><Current dt:dt=""r8"">0</Current><DateUtc dt:dt=""string"">2019-04-01T20:22:00Z</DateUtc></FrequencyChange></FrequencyChanges></Clock>\n",SPADE_Social_Doors_052318-3846-1,75.03,1.0.0.297,0,717725,0,0,5000,0,722725,0,722725,12,717725,0,0,712717,1,-806614696,Professional,2.0.10.356,2.0.10.356,4/1/19,4/1/19 20:22,16:22:00,2.0.10.252,VersionB,1,0,418419,0,0,5000,0,418419,0,418419,7,418419,0,0,-1,418313,418419,418412,0,RunWinLoseB,2,1,1,RunListB,145871,t,145871,132157,23,2,,,,,,,,,,,,,,,,,0,,-6,6,337118,2999,g,2982,340100,-7,337012,7,336519,599,-5,340612,5,340117,600,winfollowloss,DownArrow.bmp,5300,-18,346912,18,341730,0,F96.jpg,,,,,,,,,,,,,,0,0,340717,,0,0,1000,-5,341612,0,341612,5,340717,1013,0,100,,0,0,340612,,341612,340712,1,DislikeProc,F42.jpg,,,,23,1,23,,RunBlockB2,RunWinLose,6,,win
SPADE_Social_Doors_052318,3846,1,18+,"<?xml version=""1.0""?>\n<Clock xmlns:dt=""urn:schemas-microsoft-com:datatypes""><Description dt:dt=""string"">E-Prime Primary Realtime Clock</Description><StartTime><Timestamp dt:dt=""int"">0</Timestamp><DateUtc dt:dt=""string"">2019-04-01T20:22:00Z</DateUtc></StartTime><FrequencyChanges><FrequencyChange><Frequency dt:dt=""r8"">3410117</Frequency><Timestamp dt:dt=""r8"">80797112375</Timestamp><Current dt:dt=""r8"">0</Current><DateUtc dt:dt=""string"">2019-04-01T20:22:00Z</DateUtc></FrequencyChange></FrequencyChanges></Clock>\n",SPADE_Social_Doors_052318-3846-1,75.03,1.0.0.297,0,717725,0,0,5000,0,722725,0,722725,12,717725,0,0,712717,1,-806614696,Professional,2.0.10.356,2.0.10.356,4/1/19,4/1/19 20:22,16:22:00,2.0.10.252,VersionB,1,0,418419,0,0,5000,0,418419,0,418419,7,418419,0,0,-1,418313,418419,418412,0,RunWinLoseB,2,1,1,RunListB,145871,t,145871,132157,24,2,,,,,,,,,,,,,,,,,0,,-9,9,347621,2998,b,1191,348812,-9,347512,9,347021,600,-7,351112,7,350619,600,winfollowwin,DownArrow.bmp,3200,-7,355312,7,352219,0,F58.jpg,,,,,,,,,,,,,,0,0,351219,,0,0,1000,-7,352112,0,352112,7,351219,1000,0,100,,0,0,351112,,352112,351212,1,DislikeProc,F16.jpg,,,,24,1,24,,RunBlockB2,RunWinLose,7,,win
SPADE_Social_Doors_052318,3846,1,18+,"<?xml version=""1.0""?>\n<Clock xmlns:dt=""urn:schemas-microsoft-com:datatypes""><Description dt:dt=""string"">E-Prime Primary Realtime Clock</Description><StartTime><Timestamp dt:dt=""int"">0</Timestamp><DateUtc dt:dt=""string"">2019-04-01T20:22:00Z</DateUtc></StartTime><FrequencyChanges><FrequencyChange><Frequency dt:dt=""r8"">3410117</Frequency><Timestamp dt:dt=""r8"">80797112375</Timestamp><Current dt:dt=""r8"">0</Current><DateUtc dt:dt=""string"">2019-04-01T20:22:00Z</DateUtc></FrequencyChange></FrequencyChanges></Clock>\n",SPADE_Social_Doors_052318-3846-1,75.03,1.0.0.297,0,717725,0,0,5000,0,722725,0,722725,12,717725,0,0,712717,1,-806614696,Professional,2.0.10.356,2.0.10.356,4/1/19,4/1/19 20:22,16:22:00,2.0.10.252,VersionB,1,0,418419,0,0,5000,0,418419,0,418419,7,418419,0,0,-1,418313,418419,418412,0,RunWinLoseB,2,1,1,RunListB,145871,t,145871,132157,25,2,,,,,,,,,,,,,,,,,0,,-5,5,356017,2999,g,1032,357049,-6,355912,6,355418,599,-4,359512,4,359016,600,lossfollowwin,Line.bmp,1100,-17,361612,17,360629,0,F52.jpg,,,,,,,,,,,,,,0,0,359616,,0,0,1000,-4,360512,0,360512,4,359616,1013,0,100,,0,0,359512,,360512,359612,1,DislikeProc,F90.jpg,,,,25,1,25,,RunBlockB2,RunWinLose,8,,loss
SPADE_Social_Doors_052318,3846,1,18+,"<?xml version=""1.0""?>\n<Clock xmlns:dt=""urn:schemas-microsoft-com:datatypes""><Description dt:dt=""string"">E-Prime Primary Realtime Clock</Description><StartTime><Timestamp dt:dt=""int"">0</Timestamp><DateUtc dt:dt=""string"">2019-04-01T20:22:00Z</DateUtc></StartTime><FrequencyChanges><FrequencyChange><Frequency dt:dt=""r8"">3410117</Frequency><Timestamp dt:dt=""r8"">80797112375</Timestamp><Current dt:dt=""r8"">0</Current><DateUtc dt:dt=""string"">2019-04-01T20:22:00Z</DateUtc></FrequencyChange></FrequencyChanges></Clock>\n",SPADE_Social_Doors_052318-3846-1,75.03,1.0.0.297,0,717725,0,0,5000,0,722725,0,722725,12,717725,0,0,712717,1,-806614696,Professional,2.0.10.356,2.0.10.356,4/1/19,4/1/19 20:22,16:22:00,2.0.10.252,VersionB,1,0,418419,0,0,5000,0,418419,0,418419,7,418419,0,0,-1,418313,418419,418412,0,RunWinLoseB,2,1,1,RunListB,145871,t,145871,132157,26,2,,,,,,,,,,,,,,,,,0,,-9,9,362321,2999,g,868,363189,-10,362212,10,361722,599,-8,365812,8,365320,600,winfollowloss,DownArrow.bmp,1100,-8,367912,8,366920,0,F92.jpg,,,,,,,,,,,,,,0,0,365920,,0,0,1000,-8,366812,0,366812,8,365920,1000,0,100,,0,0,365812,,366812,365912,1,DislikeProc,F56.jpg,,,,26,1,26,,RunBlockB2,RunWinLose,9,,win
SPADE_Social_Doors_052318,3846,1,18+,"<?xml version=""1.0""?>\n<Clock xmlns:dt=""urn:schemas-microsoft-com:datatypes""><Description dt:dt=""string"">E-Prime Primary Realtime Clock</Description><StartTime><Timestamp dt:dt=""int"">0</Timestamp><DateUtc dt:dt=""string"">2019-04-01T20:22:00Z</DateUtc></StartTime><FrequencyChanges><FrequencyChange><Frequency dt:dt=""r8"">3410117</Frequency><Timestamp dt:dt=""r8"">80797112375</Timestamp><Current dt:dt=""r8"">0</Current><DateUtc dt:dt=""string"">2019-04-01T20:22:00Z</DateUtc></FrequencyChange></FrequencyChanges></Clock>\n",SPADE_Social_Doors_052318-3846-1,75.03,1.0.0.297,0,717725,0,0,5000,0,722725,0,722725,12,717725,0,0,712717,1,-806614696,Professional,2.0.10.356,2.0.10.356,4/1/19,4/1/19 20:22,16:22:00,2.0.10.252,VersionB,1,0,418419,0,0,5000,0,418419,0,418419,7,418419,0,0,-1,418313,418419,418412,0,RunWinLoseB,2,1,1,RunListB,145871,t,145871,132157,27,2,,,,,,,,,,,,,,,,,0,,0,0,368612,3012,g,1680,370292,0,368512,0,368012,600,-12,372112,12,371624,600,winfollowwin,DownArrow.bmp,5300,-25,378412,25,373237,0,M118.jpg,,,,,,,,,,,,,,0,0,372224,,0,0,1000,-12,373112,0,373112,12,372224,1013,0,100,,0,0,372112,,373112,372212,1,DislikeProc,M48.jpg,,,,27,1,27,,RunBlockB2,RunWinLose,10,,win
SPADE_Social_Doors_052318,3846,1,18+,"<?xml version=""1.0""?>\n<Clock xmlns:dt=""urn:schemas-microsoft-com:datatypes""><Description dt:dt=""string"">E-Prime Primary Realtime Clock</Description><StartTime><Timestamp dt:dt=""int"">0</Timestamp><DateUtc dt:dt=""string"">2019-04-01T20:22:00Z</DateUtc></StartTime><FrequencyChanges><FrequencyChange><Frequency dt:dt=""r8"">3410117</Frequency><Timestamp dt:dt=""r8"">80797112375</Timestamp><Current dt:dt=""r8"">0</Current><DateUtc dt:dt=""string"">2019-04-01T20:22:00Z</DateUtc></FrequencyChange></FrequencyChanges></Clock>\n",SPADE_Social_Doors_052318-3846-1,75.03,1.0.0.297,0,717725,0,0,5000,0,722725,0,722725,12,717725,0,0,712717,1,-806614696,Professional,2.0.10.356,2.0.10.356,4/1/19,4/1/19 20:22,16:22:00,2.0.10.252,VersionB,1,0,418419,0,0,5000,0,418419,0,418419,7,418419,0,0,-1,418313,418419,418412,0,RunWinLoseB,2,1,1,RunListB,145871,t,145871,132157,28,2,,,,,,,,,,,,,,,,,0,,-3,3,379115,2998,g,980,380095,-3,379012,3,378515,600,-1,382612,1,382113,600,winfollowwin,DownArrow.bmp,5300,-14,388912,14,383726,0,M94.jpg,,,,,,,,,,,,,,0,0,382713,,0,0,1000,-1,383612,0,383612,1,382713,1013,0,100,,0,0,382612,,383612,382712,1,DislikeProc,M66.jpg,,,,28,1,28,,RunBlockB2,RunWinLose,11,,win
SPADE_Social_Doors_052318,3846,1,18+,"<?xml version=""1.0""?>\n<Clock xmlns:dt=""urn:schemas-microsoft-com:datatypes""><Description dt:dt=""string"">E-Prime Primary Realtime Clock</Description><StartTime><Timestamp dt:dt=""int"">0</Timestamp><DateUtc dt:dt=""string"">2019-04-01T20:22:00Z</DateUtc></StartTime><FrequencyChanges><FrequencyChange><Frequency dt:dt=""r8"">3410117</Frequency><Timestamp dt:dt=""r8"">80797112375</Timestamp><Current dt:dt=""r8"">0</Current><DateUtc dt:dt=""string"">2019-04-01T20:22:00Z</DateUtc></FrequencyChange></FrequencyChanges></Clock>\n",SPADE_Social_Doors_052318-3846-1,75.03,1.0.0.297,0,717725,0,0,5000,0,722725,0,722725,12,717725,0,0,712717,1,-806614696,Professional,2.0.10.356,2.0.10.356,4/1/19,4/1/19 20:22,16:22:00,2.0.10.252,VersionB,1,0,418419,0,0,5000,0,418419,0,418419,7,418419,0,0,-1,418313,418419,418412,0,RunWinLoseB,2,1,1,RunListB,145871,t,145871,132157,29,2,,,,,,,,,,,,,,,,,0,,-5,5,389617,2999,b,1339,390956,-5,389512,5,389017,600,-4,393112,4,392616,600,lossfollowwin,Line.bmp,3200,-17,397312,17,394229,0,M112.jpg,,,,,,,,,,,,,,0,0,393216,,0,0,1000,-4,394112,0,394112,4,393216,1013,0,100,,0,0,393112,,394112,393212,1,DislikeProc,M38.jpg,,,,29,1,29,,RunBlockB2,RunWinLose,12,,loss
SPADE_Social_Doors_052318,3846,1,18+,"<?xml version=""1.0""?>\n<Clock xmlns:dt=""urn:schemas-microsoft-com:datatypes""><Description dt:dt=""string"">E-Prime Primary Realtime Clock</Description><StartTime><Timestamp dt:dt=""int"">0</Timestamp><DateUtc dt:dt=""string"">2019-04-01T20:22:00Z</DateUtc></StartTime><FrequencyChanges><FrequencyChange><Frequency dt:dt=""r8"">3410117</Frequency><Timestamp dt:dt=""r8"">80797112375</Timestamp><Current dt:dt=""r8"">0</Current><DateUtc dt:dt=""string"">2019-04-01T20:22:00Z</DateUtc></FrequencyChange></FrequencyChanges></Clock>\n",SPADE_Social_Doors_052318-3846-1,75.03,1.0.0.297,0,717725,0,0,5000,0,722725,0,722725,12,717725,0,0,712717,1,-806614696,Professional,2.0.10.356,2.0.10.356,4/1/19,4/1/19 20:22,16:22:00,2.0.10.252,VersionB,1,0,418419,0,0,5000,0,418419,0,418419,7,418419,0,0,-1,418313,418419,418412,0,RunWinLoseB,2,1,1,RunListB,145871,t,145871,132157,30,2,,,,,,,,,,,,,,,,,0,,-2,2,398014,2999,b,1071,399085,-2,397912,2,397414,600,-1,401512,1,401013,599,winfollowloss,DownArrow.bmp,1100,0,403612,0,402612,0,F84.jpg,,,,,,,,,,,,,,0,0,401612,,0,0,1000,0,402512,0,402512,0,401612,1000,0,100,,0,0,401512,,402512,401612,1,DislikeProc,F40.jpg,,,,30,1,30,,RunBlockB2,RunWinLose,13,,win
SPADE_Social_Doors_052318,3846,1,18+,"<?xml version=""1.0""?>\n<Clock xmlns:dt=""urn:schemas-microsoft-com:datatypes""><Description dt:dt=""string"">E-Prime Primary Realtime Clock</Description><StartTime><Timestamp dt:dt=""int"">0</Timestamp><DateUtc dt:dt=""string"">2019-04-01T20:22:00Z</DateUtc></StartTime><FrequencyChanges><FrequencyChange><Frequency dt:dt=""r8"">3410117</Frequency><Timestamp dt:dt=""r8"">80797112375</Timestamp><Current dt:dt=""r8"">0</Current><DateUtc dt:dt=""string"">2019-04-01T20:22:00Z</DateUtc></FrequencyChange></FrequencyChanges></Clock>\n",SPADE_Social_Doors_052318-3846-1,75.03,1.0.0.297,0,717725,0,0,5000,0,722725,0,722725,12,717725,0,0,712717,1,-806614696,Professional,2.0.10.356,2.0.10.356,4/1/19,4/1/19 20:22,16:22:00,2.0.10.252,VersionB,1,0,418419,0,0,5000,0,418419,0,418419,7,418419,0,0,-1,418313,418419,418412,0,RunWinLoseB,2,1,1,RunListB,145871,t,145871,132157,31,2,,,,,,,,,,,,,,,,,0,,-6,6,404318,2999,g,1358,405676,-6,404212,6,403718,600,-5,407812,5,407317,599,lossfollowwin,Line.bmp,3200,-17,412012,17,408929,0,F08.jpg,,,,,,,,,,,,,,0,0,407916,,0,0,1000,-4,408812,0,408812,4,407916,1013,0,100,,0,0,407812,,408812,407912,1,DislikeProc,F112.jpg,,,,31,1,31,,RunBlockB2,RunWinLose,14,,loss
SPADE_Social_Doors_052318,3846,1,18+,"<?xml version=""1.0""?>\n<Clock xmlns:dt=""urn:schemas-microsoft-com:datatypes""><Description dt:dt=""string"">E-Prime Primary Realtime Clock</Description><StartTime><Timestamp dt:dt=""int"">0</Timestamp><DateUtc dt:dt=""string"">2019-04-01T20:22:00Z</DateUtc></StartTime><FrequencyChanges><FrequencyChange><Frequency dt:dt=""r8"">3410117</Frequency><Timestamp dt:dt=""r8"">80797112375</Timestamp><Current dt:dt=""r8"">0</Current><DateUtc dt:dt=""string"">2019-04-01T20:22:00Z</DateUtc></FrequencyChange></FrequencyChanges></Clock>\n",SPADE_Social_Doors_052318-3846-1,75.03,1.0.0.297,0,717725,0,0,5000,0,722725,0,722725,12,717725,0,0,712717,1,-806614696,Professional,2.0.10.356,2.0.10.356,4/1/19,4/1/19 20:22,16:22:00,2.0.10.252,VersionB,1,0,418419,0,0,5000,0,418419,0,418419,7,418419,0,0,-1,418313,418419,418412,0,RunWinLoseB,2,1,1,RunListB,145871,t,145871,132157,32,2,,,,,,,,,,,,,,,,,0,,-2,2,412714,2999,b,1202,413916,-3,412612,3,412115,599,-1,416212,1,415713,600,lossfollowloss,Line.bmp,1100,-1,418312,1,417313,0,M70.jpg,,,,,,,,,,,,,,0,0,416313,,0,0,1000,-1,417212,0,417212,1,416313,1000,0,100,,0,0,416212,,417212,416312,1,DislikeProc,M116.jpg,,,,32,1,32,,RunBlockB2,RunWinLose,15,,loss
SPADE_Social_Doors_052318,3846,1,18+,"<?xml version=""1.0""?>\n<Clock xmlns:dt=""urn:schemas-microsoft-com:datatypes""><Description dt:dt=""string"">E-Prime Primary Realtime Clock</Description><StartTime><Timestamp dt:dt=""int"">0</Timestamp><DateUtc dt:dt=""string"">2019-04-01T20:22:00Z</DateUtc></StartTime><FrequencyChanges><FrequencyChange><Frequency dt:dt=""r8"">3410117</Frequency><Timestamp dt:dt=""r8"">80797112375</Timestamp><Current dt:dt=""r8"">0</Current><DateUtc dt:dt=""string"">2019-04-01T20:22:00Z</DateUtc></FrequencyChange></FrequencyChanges></Clock>\n",SPADE_Social_Doors_052318-3846-1,75.03,1.0.0.297,0,717725,0,0,5000,0,722725,0,722725,12,717725,0,0,712717,1,-806614696,Professional,2.0.10.356,2.0.10.356,4/1/19,4/1/19 20:22,16:22:00,2.0.10.252,VersionB,2,0,712713,0,0,5000,1,712714,1,712714,6,712713,0,0,-1,712608,712713,712707,0,RunLoseWinB,1,1,2,RunListB,440169,t,440169,418420,1,1,0,440197,0,0,5000,0,440197,0,440197,28,440197,0,0,-1,t,440170,,,,,,,,,,,,,,,,,,,,,,,,,,,,,,,,,,,,,,,,,,,,,,,,,,,,,,,,,,,,,,,,,,DislikeInstructionProc,,1,1,1,,,,RunLoseWin,RunBlockB1,,,,
SPADE_Social_Doors_052318,3846,1,18+,"<?xml version=""1.0""?>\n<Clock xmlns:dt=""urn:schemas-microsoft-com:datatypes""><Description dt:dt=""string"">E-Prime Primary Realtime Clock</Description><StartTime><Timestamp dt:dt=""int"">0</Timestamp><DateUtc dt:dt=""string"">2019-04-01T20:22:00Z</DateUtc></StartTime><FrequencyChanges><FrequencyChange><Frequency dt:dt=""r8"">3410117</Frequency><Timestamp dt:dt=""r8"">80797112375</Timestamp><Current dt:dt=""r8"">0</Current><DateUtc dt:dt=""string"">2019-04-01T20:22:00Z</DateUtc></FrequencyChange></FrequencyChanges></Clock>\n",SPADE_Social_Doors_052318-3846-1,75.03,1.0.0.297,0,717725,0,0,5000,0,722725,0,722725,12,717725,0,0,712717,1,-806614696,Professional,2.0.10.356,2.0.10.356,4/1/19,4/1/19 20:22,16:22:00,2.0.10.252,VersionB,2,0,712713,0,0,5000,1,712714,1,712714,6,712713,0,0,-1,712608,712713,712707,0,RunLoseWinB,1,1,2,RunListB,440169,t,440169,418420,2,1,,,,,,,,,,,,,,,,,0,,-11,11,445808,2999,b,789,446597,-11,445697,11,445208,600,-10,449297,10,448807,599,blockstart,DownArrow.bmp,3200,-22,453497,22,450419,0,M76.jpg,,,,,,,,,,,,,,0,0,449406,,0,0,1000,-9,450297,0,450297,9,449406,1013,0,100,,0,0,449297,,450297,449397,1,DislikeProc,M86.jpg,2,1,2,,,,RunLoseWin,RunBlockB1,,16,,win
SPADE_Social_Doors_052318,3846,1,18+,"<?xml version=""1.0""?>\n<Clock xmlns:dt=""urn:schemas-microsoft-com:datatypes""><Description dt:dt=""string"">E-Prime Primary Realtime Clock</Description><StartTime><Timestamp dt:dt=""int"">0</Timestamp><DateUtc dt:dt=""string"">2019-04-01T20:22:00Z</DateUtc></StartTime><FrequencyChanges><FrequencyChange><Frequency dt:dt=""r8"">3410117</Frequency><Timestamp dt:dt=""r8"">80797112375</Timestamp><Current dt:dt=""r8"">0</Current><DateUtc dt:dt=""string"">2019-04-01T20:22:00Z</DateUtc></FrequencyChange></FrequencyChanges></Clock>\n",SPADE_Social_Doors_052318-3846-1,75.03,1.0.0.297,0,717725,0,0,5000,0,722725,0,722725,12,717725,0,0,712717,1,-806614696,Professional,2.0.10.356,2.0.10.356,4/1/19,4/1/19 20:22,16:22:00,2.0.10.252,VersionB,2,0,712713,0,0,5000,1,712714,1,712714,6,712713,0,0,-1,712608,712713,712707,0,RunLoseWinB,1,1,2,RunListB,440169,t,440169,418420,3,1,,,,,,,,,,,,,,,,,0,,-7,7,454204,2999,g,1351,455555,-8,454097,8,453605,599,-6,457697,6,457203,600,lossfollowwin,Line.bmp,3200,-19,461897,19,458816,0,M52.jpg,,,,,,,,,,,,,,0,0,457803,,0,0,1000,-6,458697,0,458697,6,457803,1013,0,100,,0,0,457697,,458697,457797,1,DislikeProc,M24.jpg,3,1,3,,,,RunLoseWin,RunBlockB1,,17,,loss
SPADE_Social_Doors_052318,3846,1,18+,"<?xml version=""1.0""?>\n<Clock xmlns:dt=""urn:schemas-microsoft-com:datatypes""><Description dt:dt=""string"">E-Prime Primary Realtime Clock</Description><StartTime><Timestamp dt:dt=""int"">0</Timestamp><DateUtc dt:dt=""string"">2019-04-01T20:22:00Z</DateUtc></StartTime><FrequencyChanges><FrequencyChange><Frequency dt:dt=""r8"">3410117</Frequency><Timestamp dt:dt=""r8"">80797112375</Timestamp><Current dt:dt=""r8"">0</Current><DateUtc dt:dt=""string"">2019-04-01T20:22:00Z</DateUtc></FrequencyChange></FrequencyChanges></Clock>\n",SPADE_Social_Doors_052318-3846-1,75.03,1.0.0.297,0,717725,0,0,5000,0,722725,0,722725,12,717725,0,0,712717,1,-806614696,Professional,2.0.10.356,2.0.10.356,4/1/19,4/1/19 20:22,16:22:00,2.0.10.252,VersionB,2,0,712713,0,0,5000,1,712714,1,712714,6,712713,0,0,-1,712608,712713,712707,0,RunLoseWinB,1,1,2,RunListB,440169,t,440169,418420,4,1,,,,,,,,,,,,,,,,,0,,-4,4,462601,2999,b,1687,464288,-4,462497,4,462001,600,-3,466097,3,465600,600,winfollowloss,DownArrow.bmp,3200,-15,470297,15,467212,0,F106.jpg,,,,,,,,,,,,,,0,0,466200,,0,0,1000,-3,467097,0,467097,3,466200,1012,0,100,,0,0,466097,,467097,466197,1,DislikeProc,F114.jpg,4,1,4,,,,RunLoseWin,RunBlockB1,,18,,win
SPADE_Social_Doors_052318,3846,1,18+,"<?xml version=""1.0""?>\n<Clock xmlns:dt=""urn:schemas-microsoft-com:datatypes""><Description dt:dt=""string"">E-Prime Primary Realtime Clock</Description><StartTime><Timestamp dt:dt=""int"">0</Timestamp><DateUtc dt:dt=""string"">2019-04-01T20:22:00Z</DateUtc></StartTime><FrequencyChanges><FrequencyChange><Frequency dt:dt=""r8"">3410117</Frequency><Timestamp dt:dt=""r8"">80797112375</Timestamp><Current dt:dt=""r8"">0</Current><DateUtc dt:dt=""string"">2019-04-01T20:22:00Z</DateUtc></FrequencyChange></FrequencyChanges></Clock>\n",SPADE_Social_Doors_052318-3846-1,75.03,1.0.0.297,0,717725,0,0,5000,0,722725,0,722725,12,717725,0,0,712717,1,-806614696,Professional,2.0.10.356,2.0.10.356,4/1/19,4/1/19 20:22,16:22:00,2.0.10.252,VersionB,2,0,712713,0,0,5000,1,712714,1,712714,6,712713,0,0,-1,712608,712713,712707,0,RunLoseWinB,1,1,2,RunListB,440169,t,440169,418420,5,1,,,,,,,,,,,,,,,,,0,,-1,1,470998,3012,b,1126,472124,-1,470897,1,470398,600,-13,474497,13,474010,599,winfollowwin,DownArrow.bmp,11600,-25,487097,25,475622,0,F10.jpg,,,,,,,,,,,,,,0,0,474609,,0,0,1000,-12,475497,0,475497,12,474609,1013,0,100,,0,0,474497,,475497,474597,1,DislikeProc,F108.jpg,5,1,5,,,,RunLoseWin,RunBlockB1,,19,,win
SPADE_Social_Doors_052318,3846,1,18+,"<?xml version=""1.0""?>\n<Clock xmlns:dt=""urn:schemas-microsoft-com:datatypes""><Description dt:dt=""string"">E-Prime Primary Realtime Clock</Description><StartTime><Timestamp dt:dt=""int"">0</Timestamp><DateUtc dt:dt=""string"">2019-04-01T20:22:00Z</DateUtc></StartTime><FrequencyChanges><FrequencyChange><Frequency dt:dt=""r8"">3410117</Frequency><Timestamp dt:dt=""r8"">80797112375</Timestamp><Current dt:dt=""r8"">0</Current><DateUtc dt:dt=""string"">2019-04-01T20:22:00Z</DateUtc></FrequencyChange></FrequencyChanges></Clock>\n",SPADE_Social_Doors_052318-3846-1,75.03,1.0.0.297,0,717725,0,0,5000,0,722725,0,722725,12,717725,0,0,712717,1,-806614696,Professional,2.0.10.356,2.0.10.356,4/1/19,4/1/19 20:22,16:22:00,2.0.10.252,VersionB,2,0,712713,0,0,5000,1,712714,1,712714,6,712713,0,0,-1,712608,712713,712707,0,RunLoseWinB,1,1,2,RunListB,440169,t,440169,418420,6,1,,,,,,,,,,,,,,,,,0,,-7,7,487804,2999,b,1602,489406,-7,487697,7,487204,600,-6,491297,6,490803,600,winfollowwin,DownArrow.bmp,5300,-5,497597,5,492402,0,F98.jpg,,,,,,,,,,,,,,0,0,491403,,0,0,1000,-6,492297,0,492297,6,491403,999,0,100,,0,0,491297,,492297,491397,1,DislikeProc,F24.jpg,6,1,6,,,,RunLoseWin,RunBlockB1,,20,,win
SPADE_Social_Doors_052318,3846,1,18+,"<?xml version=""1.0""?>\n<Clock xmlns:dt=""urn:schemas-microsoft-com:datatypes""><Description dt:dt=""string"">E-Prime Primary Realtime Clock</Description><StartTime><Timestamp dt:dt=""int"">0</Timestamp><DateUtc dt:dt=""string"">2019-04-01T20:22:00Z</DateUtc></StartTime><FrequencyChanges><FrequencyChange><Frequency dt:dt=""r8"">3410117</Frequency><Timestamp dt:dt=""r8"">80797112375</Timestamp><Current dt:dt=""r8"">0</Current><DateUtc dt:dt=""string"">2019-04-01T20:22:00Z</DateUtc></FrequencyChange></FrequencyChanges></Clock>\n",SPADE_Social_Doors_052318-3846-1,75.03,1.0.0.297,0,717725,0,0,5000,0,722725,0,722725,12,717725,0,0,712717,1,-806614696,Professional,2.0.10.356,2.0.10.356,4/1/19,4/1/19 20:22,16:22:00,2.0.10.252,VersionB,2,0,712713,0,0,5000,1,712714,1,712714,6,712713,0,0,-1,712608,712713,712707,0,RunLoseWinB,1,1,2,RunListB,440169,t,440169,418420,7,1,,,,,,,,,,,,,,,,,0,,-10,10,498307,2998,g,855,499162,-10,498197,10,497707,600,-8,501797,8,501305,600,winfollowwin,DownArrow.bmp,5300,-8,508097,8,502905,0,F14.jpg,,,,,,,,,,,,,,0,0,501905,,0,0,1000,-8,502797,0,502797,8,501905,1000,0,100,,0,0,501797,,502797,501897,1,DislikeProc,F62.jpg,7,1,7,,,,RunLoseWin,RunBlockB1,,21,,win
SPADE_Social_Doors_052318,3846,1,18+,"<?xml version=""1.0""?>\n<Clock xmlns:dt=""urn:schemas-microsoft-com:datatypes""><Description dt:dt=""string"">E-Prime Primary Realtime Clock</Description><StartTime><Timestamp dt:dt=""int"">0</Timestamp><DateUtc dt:dt=""string"">2019-04-01T20:22:00Z</DateUtc></StartTime><FrequencyChanges><FrequencyChange><Frequency dt:dt=""r8"">3410117</Frequency><Timestamp dt:dt=""r8"">80797112375</Timestamp><Current dt:dt=""r8"">0</Current><DateUtc dt:dt=""string"">2019-04-01T20:22:00Z</DateUtc></FrequencyChange></FrequencyChanges></Clock>\n",SPADE_Social_Doors_052318-3846-1,75.03,1.0.0.297,0,717725,0,0,5000,0,722725,0,722725,12,717725,0,0,712717,1,-806614696,Professional,2.0.10.356,2.0.10.356,4/1/19,4/1/19 20:22,16:22:00,2.0.10.252,VersionB,2,0,712713,0,0,5000,1,712714,1,712714,6,712713,0,0,-1,712608,712713,712707,0,RunLoseWinB,1,1,2,RunListB,440169,t,440169,418420,8,1,,,,,,,,,,,,,,,,,0,,-12,12,508809,2999,b,1395,510204,-12,508697,12,508209,600,-11,512297,11,511808,600,lossfollowwin,Line.bmp,3200,-10,516497,10,513407,0,F60.jpg,,,,,,,,,,,,,,0,0,512408,,0,0,1000,-11,513297,0,513297,11,512408,999,0,100,,0,0,512297,,513297,512397,1,DislikeProc,F18.jpg,8,1,8,,,,RunLoseWin,RunBlockB1,,22,,loss
SPADE_Social_Doors_052318,3846,1,18+,"<?xml version=""1.0""?>\n<Clock xmlns:dt=""urn:schemas-microsoft-com:datatypes""><Description dt:dt=""string"">E-Prime Primary Realtime Clock</Description><StartTime><Timestamp dt:dt=""int"">0</Timestamp><DateUtc dt:dt=""string"">2019-04-01T20:22:00Z</DateUtc></StartTime><FrequencyChanges><FrequencyChange><Frequency dt:dt=""r8"">3410117</Frequency><Timestamp dt:dt=""r8"">80797112375</Timestamp><Current dt:dt=""r8"">0</Current><DateUtc dt:dt=""string"">2019-04-01T20:22:00Z</DateUtc></FrequencyChange></FrequencyChanges></Clock>\n",SPADE_Social_Doors_052318-3846-1,75.03,1.0.0.297,0,717725,0,0,5000,0,722725,0,722725,12,717725,0,0,712717,1,-806614696,Professional,2.0.10.356,2.0.10.356,4/1/19,4/1/19 20:22,16:22:00,2.0.10.252,VersionB,2,0,712713,0,0,5000,1,712714,1,712714,6,712713,0,0,-1,712608,712713,712707,0,RunLoseWinB,1,1,2,RunListB,440169,t,440169,418420,9,1,,,,,,,,,,,,,,,,,0,,-9,9,517206,2998,g,1214,518420,-9,517097,9,516606,600,-7,520697,7,520204,600,lossfollowloss,Line.bmp,1100,-20,522797,20,521817,0,M50.jpg,,,,,,,,,,,,,,0,0,520804,,0,0,1000,-7,521697,0,521697,7,520804,1013,0,100,,0,0,520697,,521697,520797,1,DislikeProc,M84.jpg,9,1,9,,,,RunLoseWin,RunBlockB1,,23,,loss
SPADE_Social_Doors_052318,3846,1,18+,"<?xml version=""1.0""?>\n<Clock xmlns:dt=""urn:schemas-microsoft-com:datatypes""><Description dt:dt=""string"">E-Prime Primary Realtime Clock</Description><StartTime><Timestamp dt:dt=""int"">0</Timestamp><DateUtc dt:dt=""string"">2019-04-01T20:22:00Z</DateUtc></StartTime><FrequencyChanges><FrequencyChange><Frequency dt:dt=""r8"">3410117</Frequency><Timestamp dt:dt=""r8"">80797112375</Timestamp><Current dt:dt=""r8"">0</Current><DateUtc dt:dt=""string"">2019-04-01T20:22:00Z</DateUtc></FrequencyChange></FrequencyChanges></Clock>\n",SPADE_Social_Doors_052318-3846-1,75.03,1.0.0.297,0,717725,0,0,5000,0,722725,0,722725,12,717725,0,0,712717,1,-806614696,Professional,2.0.10.356,2.0.10.356,4/1/19,4/1/19 20:22,16:22:00,2.0.10.252,VersionB,2,0,712713,0,0,5000,1,712714,1,712714,6,712713,0,0,-1,712608,712713,712707,0,RunLoseWinB,1,1,2,RunListB,440169,t,440169,418420,10,1,,,,,,,,,,,,,,,,,0,,-13,13,523510,2999,g,1513,525023,0,523397,0,522897,613,-12,526997,12,526509,599,winfollowloss,DownArrow.bmp,1100,-11,529097,11,528108,0,M102.jpg,,,,,,,,,,,,,,0,0,527108,,0,0,1000,-11,527997,0,527997,11,527108,1000,0,100,,0,0,526997,,527997,527097,1,DislikeProc,M34.jpg,10,1,10,,,,RunLoseWin,RunBlockB1,,24,,win
SPADE_Social_Doors_052318,3846,1,18+,"<?xml version=""1.0""?>\n<Clock xmlns:dt=""urn:schemas-microsoft-com:datatypes""><Description dt:dt=""string"">E-Prime Primary Realtime Clock</Description><StartTime><Timestamp dt:dt=""int"">0</Timestamp><DateUtc dt:dt=""string"">2019-04-01T20:22:00Z</DateUtc></StartTime><FrequencyChanges><FrequencyChange><Frequency dt:dt=""r8"">3410117</Frequency><Timestamp dt:dt=""r8"">80797112375</Timestamp><Current dt:dt=""r8"">0</Current><DateUtc dt:dt=""string"">2019-04-01T20:22:00Z</DateUtc></FrequencyChange></FrequencyChanges></Clock>\n",SPADE_Social_Doors_052318-3846-1,75.03,1.0.0.297,0,717725,0,0,5000,0,722725,0,722725,12,717725,0,0,712717,1,-806614696,Professional,2.0.10.356,2.0.10.356,4/1/19,4/1/19 20:22,16:22:00,2.0.10.252,VersionB,2,0,712713,0,0,5000,1,712714,1,712714,6,712713,0,0,-1,712608,712713,712707,0,RunLoseWinB,1,1,2,RunListB,440169,t,440169,418420,11,1,,,,,,,,,,,,,,,,,0,,-4,4,529801,2998,b,1192,530993,-4,529697,4,529201,600,-2,533297,2,532799,600,lossfollowwin,Line.bmp,5300,-15,539597,15,534412,0,F28.jpg,,,,,,,,,,,,,,0,0,533399,,0,0,1000,-2,534297,0,534297,2,533399,1013,0,100,,0,0,533297,,534297,533397,1,DislikeProc,F100.jpg,11,1,11,,,,RunLoseWin,RunBlockB1,,25,,loss
SPADE_Social_Doors_052318,3846,1,18+,"<?xml version=""1.0""?>\n<Clock xmlns:dt=""urn:schemas-microsoft-com:datatypes""><Description dt:dt=""string"">E-Prime Primary Realtime Clock</Description><StartTime><Timestamp dt:dt=""int"">0</Timestamp><DateUtc dt:dt=""string"">2019-04-01T20:22:00Z</DateUtc></StartTime><FrequencyChanges><FrequencyChange><Frequency dt:dt=""r8"">3410117</Frequency><Timestamp dt:dt=""r8"">80797112375</Timestamp><Current dt:dt=""r8"">0</Current><DateUtc dt:dt=""string"">2019-04-01T20:22:00Z</DateUtc></FrequencyChange></FrequencyChanges></Clock>\n",SPADE_Social_Doors_052318-3846-1,75.03,1.0.0.297,0,717725,0,0,5000,0,722725,0,722725,12,717725,0,0,712717,1,-806614696,Professional,2.0.10.356,2.0.10.356,4/1/19,4/1/19 20:22,16:22:00,2.0.10.252,VersionB,2,0,712713,0,0,5000,1,712714,1,712714,6,712713,0,0,-1,712608,712713,712707,0,RunLoseWinB,1,1,2,RunListB,440169,t,440169,418420,12,1,,,,,,,,,,,,,,,,,0,,-6,6,540303,2999,g,581,540884,-6,540197,6,539703,600,-5,543797,5,543302,600,lossfollowloss,Line.bmp,5300,-17,550097,17,544914,0,F36.jpg,,,,,,,,,,,,,,0,0,543902,,0,0,1000,-5,544797,0,544797,5,543902,1012,0,100,,0,0,543797,,544797,543897,1,DislikeProc,F46.jpg,12,1,12,,,,RunLoseWin,RunBlockB1,,26,,loss
SPADE_Social_Doors_052318,3846,1,18+,"<?xml version=""1.0""?>\n<Clock xmlns:dt=""urn:schemas-microsoft-com:datatypes""><Description dt:dt=""string"">E-Prime Primary Realtime Clock</Description><StartTime><Timestamp dt:dt=""int"">0</Timestamp><DateUtc dt:dt=""string"">2019-04-01T20:22:00Z</DateUtc></StartTime><FrequencyChanges><FrequencyChange><Frequency dt:dt=""r8"">3410117</Frequency><Timestamp dt:dt=""r8"">80797112375</Timestamp><Current dt:dt=""r8"">0</Current><DateUtc dt:dt=""string"">2019-04-01T20:22:00Z</DateUtc></FrequencyChange></FrequencyChanges></Clock>\n",SPADE_Social_Doors_052318-3846-1,75.03,1.0.0.297,0,717725,0,0,5000,0,722725,0,722725,12,717725,0,0,712717,1,-806614696,Professional,2.0.10.356,2.0.10.356,4/1/19,4/1/19 20:22,16:22:00,2.0.10.252,VersionB,2,0,712713,0,0,5000,1,712714,1,712714,6,712713,0,0,-1,712608,712713,712707,0,RunLoseWinB,1,1,2,RunListB,440169,t,440169,418420,13,1,,,,,,,,,,,,,,,,,0,,-8,8,550805,2999,b,606,551411,-9,550697,9,550206,599,-7,554297,7,553804,600,lossfollowloss,Line.bmp,3200,-7,558497,7,555404,0,F26.jpg,,,,,,,,,,,,,,0,0,554404,,0,0,1000,-7,555297,0,555297,7,554404,1000,0,100,,0,0,554297,,555297,554397,1,DislikeProc,F102.jpg,13,1,13,,,,RunLoseWin,RunBlockB1,,27,,loss
SPADE_Social_Doors_052318,3846,1,18+,"<?xml version=""1.0""?>\n<Clock xmlns:dt=""urn:schemas-microsoft-com:datatypes""><Description dt:dt=""string"">E-Prime Primary Realtime Clock</Description><StartTime><Timestamp dt:dt=""int"">0</Timestamp><DateUtc dt:dt=""string"">2019-04-01T20:22:00Z</DateUtc></StartTime><FrequencyChanges><FrequencyChange><Frequency dt:dt=""r8"">3410117</Frequency><Timestamp dt:dt=""r8"">80797112375</Timestamp><Current dt:dt=""r8"">0</Current><DateUtc dt:dt=""string"">2019-04-01T20:22:00Z</DateUtc></FrequencyChange></FrequencyChanges></Clock>\n",SPADE_Social_Doors_052318-3846-1,75.03,1.0.0.297,0,717725,0,0,5000,0,722725,0,722725,12,717725,0,0,712717,1,-806614696,Professional,2.0.10.356,2.0.10.356,4/1/19,4/1/19 20:22,16:22:00,2.0.10.252,VersionB,2,0,712713,0,0,5000,1,712714,1,712714,6,712713,0,0,-1,712608,712713,712707,0,RunLoseWinB,1,1,2,RunListB,440169,t,440169,418420,14,1,,,,,,,,,,,,,,,,,0,,-5,5,559202,2999,b,431,559633,-5,559097,5,558602,600,-4,562697,4,562201,600,lossfollowloss,Line.bmp,1100,-17,564797,17,563814,0,M28.jpg,,,,,,,,,,,,,,0,0,562801,,0,0,1000,-4,563697,0,563697,4,562801,1013,0,100,,0,0,562697,,563697,562797,1,DislikeProc,M02.jpg,14,1,14,,,,RunLoseWin,RunBlockB1,,28,,loss
SPADE_Social_Doors_052318,3846,1,18+,"<?xml version=""1.0""?>\n<Clock xmlns:dt=""urn:schemas-microsoft-com:datatypes""><Description dt:dt=""string"">E-Prime Primary Realtime Clock</Description><StartTime><Timestamp dt:dt=""int"">0</Timestamp><DateUtc dt:dt=""string"">2019-04-01T20:22:00Z</DateUtc></StartTime><FrequencyChanges><FrequencyChange><Frequency dt:dt=""r8"">3410117</Frequency><Timestamp dt:dt=""r8"">80797112375</Timestamp><Current dt:dt=""r8"">0</Current><DateUtc dt:dt=""string"">2019-04-01T20:22:00Z</DateUtc></FrequencyChange></FrequencyChanges></Clock>\n",SPADE_Social_Doors_052318-3846-1,75.03,1.0.0.297,0,717725,0,0,5000,0,722725,0,722725,12,717725,0,0,712717,1,-806614696,Professional,2.0.10.356,2.0.10.356,4/1/19,4/1/19 20:22,16:22:00,2.0.10.252,VersionB,2,0,712713,0,0,5000,1,712714,1,712714,6,712713,0,0,-1,712608,712713,712707,0,RunLoseWinB,1,1,2,RunListB,440169,t,440169,418420,15,1,,,,,,,,,,,,,,,,,0,,-9,9,565506,2999,b,751,566257,-9,565397,9,564906,600,-8,568997,8,568505,600,winfollowloss,DownArrow.bmp,3200,-7,573197,7,570104,0,M42.jpg,,,,,,,,,,,,,,0,0,569105,,0,0,1000,-8,569997,0,569997,8,569105,999,0,100,,0,0,568997,,569997,569097,1,DislikeProc,M108.jpg,15,1,15,,,,RunLoseWin,RunBlockB1,,29,,win
SPADE_Social_Doors_052318,3846,1,18+,"<?xml version=""1.0""?>\n<Clock xmlns:dt=""urn:schemas-microsoft-com:datatypes""><Description dt:dt=""string"">E-Prime Primary Realtime Clock</Description><StartTime><Timestamp dt:dt=""int"">0</Timestamp><DateUtc dt:dt=""string"">2019-04-01T20:22:00Z</DateUtc></StartTime><FrequencyChanges><FrequencyChange><Frequency dt:dt=""r8"">3410117</Frequency><Timestamp dt:dt=""r8"">80797112375</Timestamp><Current dt:dt=""r8"">0</Current><DateUtc dt:dt=""string"">2019-04-01T20:22:00Z</DateUtc></FrequencyChange></FrequencyChanges></Clock>\n",SPADE_Social_Doors_052318-3846-1,75.03,1.0.0.297,0,717725,0,0,5000,0,722725,0,722725,12,717725,0,0,712717,1,-806614696,Professional,2.0.10.356,2.0.10.356,4/1/19,4/1/19 20:22,16:22:00,2.0.10.252,VersionB,2,0,712713,0,0,5000,1,712714,1,712714,6,712713,0,0,-1,712608,712713,712707,0,RunLoseWinB,1,1,2,RunListB,440169,t,440169,418420,16,1,,,,,,,,,,,,,,,,,0,,-6,6,573903,2999,b,992,574895,-6,573797,6,573303,600,-5,577397,5,576902,599,winfollowwin,DownArrow.bmp,1100,-17,579497,17,578514,0,M68.jpg,,,,,,,,,,,,,,0,0,577501,,0,0,1000,-4,578397,0,578397,4,577501,1013,0,100,,0,0,577397,,578397,577497,1,DislikeProc,M08.jpg,16,1,16,,,,RunLoseWin,RunBlockB1,,30,,win
SPADE_Social_Doors_052318,3846,1,18+,"<?xml version=""1.0""?>\n<Clock xmlns:dt=""urn:schemas-microsoft-com:datatypes""><Description dt:dt=""string"">E-Prime Primary Realtime Clock</Description><StartTime><Timestamp dt:dt=""int"">0</Timestamp><DateUtc dt:dt=""string"">2019-04-01T20:22:00Z</DateUtc></StartTime><FrequencyChanges><FrequencyChange><Frequency dt:dt=""r8"">3410117</Frequency><Timestamp dt:dt=""r8"">80797112375</Timestamp><Current dt:dt=""r8"">0</Current><DateUtc dt:dt=""string"">2019-04-01T20:22:00Z</DateUtc></FrequencyChange></FrequencyChanges></Clock>\n",SPADE_Social_Doors_052318-3846-1,75.03,1.0.0.297,0,717725,0,0,5000,0,722725,0,722725,12,717725,0,0,712717,1,-806614696,Professional,2.0.10.356,2.0.10.356,4/1/19,4/1/19 20:22,16:22:00,2.0.10.252,VersionB,2,0,712713,0,0,5000,1,712714,1,712714,6,712713,0,0,-1,712608,712713,712707,0,RunLoseWinB,1,1,2,RunListB,440169,t,440169,418420,17,2,,,,,,,,,,,,,,,,,,,,,,,,,,,,,,,,,,,,,,,,,,,,,0,579607,0,0,5000,0,579607,579607,10,579607,0,t,1260,,,,,,,,,,,,,,,,,,,,,,,,,LikeInstructionProc,,17,1,17,,,,RunLoseWin,RunBlockB1,,,,
SPADE_Social_Doors_052318,3846,1,18+,"<?xml version=""1.0""?>\n<Clock xmlns:dt=""urn:schemas-microsoft-com:datatypes""><Description dt:dt=""string"">E-Prime Primary Realtime Clock</Description><StartTime><Timestamp dt:dt=""int"">0</Timestamp><DateUtc dt:dt=""string"">2019-04-01T20:22:00Z</DateUtc></StartTime><FrequencyChanges><FrequencyChange><Frequency dt:dt=""r8"">3410117</Frequency><Timestamp dt:dt=""r8"">80797112375</Timestamp><Current dt:dt=""r8"">0</Current><DateUtc dt:dt=""string"">2019-04-01T20:22:00Z</DateUtc></FrequencyChange></FrequencyChanges></Clock>\n",SPADE_Social_Doors_052318-3846-1,75.03,1.0.0.297,0,717725,0,0,5000,0,722725,0,722725,12,717725,0,0,712717,1,-806614696,Professional,2.0.10.356,2.0.10.356,4/1/19,4/1/19 20:22,16:22:00,2.0.10.252,VersionB,2,0,712713,0,0,5000,1,712714,1,712714,6,712713,0,0,-1,712608,712713,712707,0,RunLoseWinB,1,1,2,RunListB,440169,t,440169,418420,18,2,,,,,,,,,,,,,,,,,0,,-11,11,585218,2999,g,863,586081,-11,585107,11,584618,600,-10,588707,10,588217,600,blockstart,UpArrow.bmp,1100,-23,590807,23,589830,0,M82.jpg,,,,,,,,,,,,,,0,0,588817,,0,0,1000,-10,589707,0,589707,10,588817,1013,0,100,,0,0,588707,,589707,588807,1,LikeProc,M14.jpg,18,1,18,,,,RunLoseWin,RunBlockB1,,,16,win
SPADE_Social_Doors_052318,3846,1,18+,"<?xml version=""1.0""?>\n<Clock xmlns:dt=""urn:schemas-microsoft-com:datatypes""><Description dt:dt=""string"">E-Prime Primary Realtime Clock</Description><StartTime><Timestamp dt:dt=""int"">0</Timestamp><DateUtc dt:dt=""string"">2019-04-01T20:22:00Z</DateUtc></StartTime><FrequencyChanges><FrequencyChange><Frequency dt:dt=""r8"">3410117</Frequency><Timestamp dt:dt=""r8"">80797112375</Timestamp><Current dt:dt=""r8"">0</Current><DateUtc dt:dt=""string"">2019-04-01T20:22:00Z</DateUtc></FrequencyChange></FrequencyChanges></Clock>\n",SPADE_Social_Doors_052318-3846-1,75.03,1.0.0.297,0,717725,0,0,5000,0,722725,0,722725,12,717725,0,0,712717,1,-806614696,Professional,2.0.10.356,2.0.10.356,4/1/19,4/1/19 20:22,16:22:00,2.0.10.252,VersionB,2,0,712713,0,0,5000,1,712714,1,712714,6,712713,0,0,-1,712608,712713,712707,0,RunLoseWinB,1,1,2,RunListB,440169,t,440169,418420,19,2,,,,,,,,,,,,,,,,,0,,-2,2,591509,2999,b,1207,592716,-2,591407,2,590909,600,-1,595007,1,594508,600,lossfollowwin,Line.bmp,3200,-13,599207,13,596120,0,F34.jpg,,,,,,,,,,,,,,0,0,595108,,0,0,1000,-1,596007,0,596007,1,595108,1012,0,100,,0,0,595007,,596007,595107,1,LikeProc,F76.jpg,19,1,19,,,,RunLoseWin,RunBlockB1,,,17,loss
SPADE_Social_Doors_052318,3846,1,18+,"<?xml version=""1.0""?>\n<Clock xmlns:dt=""urn:schemas-microsoft-com:datatypes""><Description dt:dt=""string"">E-Prime Primary Realtime Clock</Description><StartTime><Timestamp dt:dt=""int"">0</Timestamp><DateUtc dt:dt=""string"">2019-04-01T20:22:00Z</DateUtc></StartTime><FrequencyChanges><FrequencyChange><Frequency dt:dt=""r8"">3410117</Frequency><Timestamp dt:dt=""r8"">80797112375</Timestamp><Current dt:dt=""r8"">0</Current><DateUtc dt:dt=""string"">2019-04-01T20:22:00Z</DateUtc></FrequencyChange></FrequencyChanges></Clock>\n",SPADE_Social_Doors_052318-3846-1,75.03,1.0.0.297,0,717725,0,0,5000,0,722725,0,722725,12,717725,0,0,712717,1,-806614696,Professional,2.0.10.356,2.0.10.356,4/1/19,4/1/19 20:22,16:22:00,2.0.10.252,VersionB,2,0,712713,0,0,5000,1,712714,1,712714,6,712713,0,0,-1,712608,712713,712707,0,RunLoseWinB,1,1,2,RunListB,440169,t,440169,418420,20,2,,,,,,,,,,,,,,,,,0,,-12,12,599919,2999,b,982,600901,-12,599807,12,599319,600,-11,603407,11,602918,599,winfollowloss,UpArrow.bmp,5300,-10,609707,10,604517,0,M20.jpg,,,,,,,,,,,,,,0,0,603517,,0,0,1000,-10,604407,0,604407,10,603517,1000,0,100,,0,0,603407,,604407,603507,1,LikeProc,M110.jpg,20,1,20,,,,RunLoseWin,RunBlockB1,,,18,win
SPADE_Social_Doors_052318,3846,1,18+,"<?xml version=""1.0""?>\n<Clock xmlns:dt=""urn:schemas-microsoft-com:datatypes""><Description dt:dt=""string"">E-Prime Primary Realtime Clock</Description><StartTime><Timestamp dt:dt=""int"">0</Timestamp><DateUtc dt:dt=""string"">2019-04-01T20:22:00Z</DateUtc></StartTime><FrequencyChanges><FrequencyChange><Frequency dt:dt=""r8"">3410117</Frequency><Timestamp dt:dt=""r8"">80797112375</Timestamp><Current dt:dt=""r8"">0</Current><DateUtc dt:dt=""string"">2019-04-01T20:22:00Z</DateUtc></FrequencyChange></FrequencyChanges></Clock>\n",SPADE_Social_Doors_052318-3846-1,75.03,1.0.0.297,0,717725,0,0,5000,0,722725,0,722725,12,717725,0,0,712717,1,-806614696,Professional,2.0.10.356,2.0.10.356,4/1/19,4/1/19 20:22,16:22:00,2.0.10.252,VersionB,2,0,712713,0,0,5000,1,712714,1,712714,6,712713,0,0,-1,712608,712713,712707,0,RunLoseWinB,1,1,2,RunListB,440169,t,440169,418420,21,2,,,,,,,,,,,,,,,,,0,,-1,1,610408,2999,b,1215,611623,-1,610307,1,609808,600,0,613907,0,613407,600,winfollowwin,UpArrow.bmp,5300,-13,620207,13,615020,0,F66.jpg,,,,,,,,,,,,,,0,0,614007,,0,0,1000,0,614907,0,614907,0,614007,1013,0,100,,0,0,613907,,614907,614007,1,LikeProc,F70.jpg,21,1,21,,,,RunLoseWin,RunBlockB1,,,19,win
SPADE_Social_Doors_052318,3846,1,18+,"<?xml version=""1.0""?>\n<Clock xmlns:dt=""urn:schemas-microsoft-com:datatypes""><Description dt:dt=""string"">E-Prime Primary Realtime Clock</Description><StartTime><Timestamp dt:dt=""int"">0</Timestamp><DateUtc dt:dt=""string"">2019-04-01T20:22:00Z</DateUtc></StartTime><FrequencyChanges><FrequencyChange><Frequency dt:dt=""r8"">3410117</Frequency><Timestamp dt:dt=""r8"">80797112375</Timestamp><Current dt:dt=""r8"">0</Current><DateUtc dt:dt=""string"">2019-04-01T20:22:00Z</DateUtc></FrequencyChange></FrequencyChanges></Clock>\n",SPADE_Social_Doors_052318-3846-1,75.03,1.0.0.297,0,717725,0,0,5000,0,722725,0,722725,12,717725,0,0,712717,1,-806614696,Professional,2.0.10.356,2.0.10.356,4/1/19,4/1/19 20:22,16:22:00,2.0.10.252,VersionB,2,0,712713,0,0,5000,1,712714,1,712714,6,712713,0,0,-1,712608,712713,712707,0,RunLoseWinB,1,1,2,RunListB,440169,t,440169,418420,22,2,,,,,,,,,,,,,,,,,0,,-4,4,620911,2998,b,1140,622051,-4,620807,4,620311,600,-2,624407,2,623909,600,winfollowwin,UpArrow.bmp,5300,-15,630707,15,625522,0,M78.jpg,,,,,,,,,,,,,,0,0,624509,,0,0,1000,-2,625407,0,625407,2,624509,1013,0,100,,0,0,624407,,625407,624507,1,LikeProc,M60.jpg,22,1,22,,,,RunLoseWin,RunBlockB1,,,20,win
SPADE_Social_Doors_052318,3846,1,18+,"<?xml version=""1.0""?>\n<Clock xmlns:dt=""urn:schemas-microsoft-com:datatypes""><Description dt:dt=""string"">E-Prime Primary Realtime Clock</Description><StartTime><Timestamp dt:dt=""int"">0</Timestamp><DateUtc dt:dt=""string"">2019-04-01T20:22:00Z</DateUtc></StartTime><FrequencyChanges><FrequencyChange><Frequency dt:dt=""r8"">3410117</Frequency><Timestamp dt:dt=""r8"">80797112375</Timestamp><Current dt:dt=""r8"">0</Current><DateUtc dt:dt=""string"">2019-04-01T20:22:00Z</DateUtc></FrequencyChange></FrequencyChanges></Clock>\n",SPADE_Social_Doors_052318-3846-1,75.03,1.0.0.297,0,717725,0,0,5000,0,722725,0,722725,12,717725,0,0,712717,1,-806614696,Professional,2.0.10.356,2.0.10.356,4/1/19,4/1/19 20:22,16:22:00,2.0.10.252,VersionB,2,0,712713,0,0,5000,1,712714,1,712714,6,712713,0,0,-1,712608,712713,712707,0,RunLoseWinB,1,1,2,RunListB,440169,t,440169,418420,23,2,,,,,,,,,,,,,,,,,0,,-6,6,631413,2999,g,1021,632434,-6,631307,6,630813,600,-5,634907,5,634412,599,winfollowwin,UpArrow.bmp,3200,-17,639107,17,636024,0,M26.jpg,,,,,,,,,,,,,,0,0,635011,,0,0,1000,-4,635907,0,635907,4,635011,1013,0,100,,0,0,634907,,635907,635007,1,LikeProc,M100.jpg,23,1,23,,,,RunLoseWin,RunBlockB1,,,21,win
SPADE_Social_Doors_052318,3846,1,18+,"<?xml version=""1.0""?>\n<Clock xmlns:dt=""urn:schemas-microsoft-com:datatypes""><Description dt:dt=""string"">E-Prime Primary Realtime Clock</Description><StartTime><Timestamp dt:dt=""int"">0</Timestamp><DateUtc dt:dt=""string"">2019-04-01T20:22:00Z</DateUtc></StartTime><FrequencyChanges><FrequencyChange><Frequency dt:dt=""r8"">3410117</Frequency><Timestamp dt:dt=""r8"">80797112375</Timestamp><Current dt:dt=""r8"">0</Current><DateUtc dt:dt=""string"">2019-04-01T20:22:00Z</DateUtc></FrequencyChange></FrequencyChanges></Clock>\n",SPADE_Social_Doors_052318-3846-1,75.03,1.0.0.297,0,717725,0,0,5000,0,722725,0,722725,12,717725,0,0,712717,1,-806614696,Professional,2.0.10.356,2.0.10.356,4/1/19,4/1/19 20:22,16:22:00,2.0.10.252,VersionB,2,0,712713,0,0,5000,1,712714,1,712714,6,712713,0,0,-1,712608,712713,712707,0,RunLoseWinB,1,1,2,RunListB,440169,t,440169,418420,24,2,,,,,,,,,,,,,,,,,0,,-3,3,639810,2998,b,1233,641043,-3,639707,3,639210,600,-1,643307,1,642808,600,lossfollowwin,Line.bmp,1100,-14,645407,14,644421,0,M104.jpg,,,,,,,,,,,,,,0,0,643408,,0,0,1000,-1,644307,0,644307,1,643408,1013,0,100,,0,0,643307,,644307,643407,1,LikeProc,M16.jpg,24,1,24,,,,RunLoseWin,RunBlockB1,,,22,loss
SPADE_Social_Doors_052318,3846,1,18+,"<?xml version=""1.0""?>\n<Clock xmlns:dt=""urn:schemas-microsoft-com:datatypes""><Description dt:dt=""string"">E-Prime Primary Realtime Clock</Description><StartTime><Timestamp dt:dt=""int"">0</Timestamp><DateUtc dt:dt=""string"">2019-04-01T20:22:00Z</DateUtc></StartTime><FrequencyChanges><FrequencyChange><Frequency dt:dt=""r8"">3410117</Frequency><Timestamp dt:dt=""r8"">80797112375</Timestamp><Current dt:dt=""r8"">0</Current><DateUtc dt:dt=""string"">2019-04-01T20:22:00Z</DateUtc></FrequencyChange></FrequencyChanges></Clock>\n",SPADE_Social_Doors_052318-3846-1,75.03,1.0.0.297,0,717725,0,0,5000,0,722725,0,722725,12,717725,0,0,712717,1,-806614696,Professional,2.0.10.356,2.0.10.356,4/1/19,4/1/19 20:22,16:22:00,2.0.10.252,VersionB,2,0,712713,0,0,5000,1,712714,1,712714,6,712713,0,0,-1,712608,712713,712707,0,RunLoseWinB,1,1,2,RunListB,440169,t,440169,418420,25,2,,,,,,,,,,,,,,,,,0,,-7,7,646114,2998,g,858,646972,-7,646007,7,645514,600,-5,649607,5,649112,600,lossfollowloss,Line.bmp,3200,-5,653807,5,650712,0,M92.jpg,,,,,,,,,,,,,,0,0,649712,,0,0,1000,-5,650607,0,650607,5,649712,1000,0,100,,0,0,649607,,650607,649707,1,LikeProc,M88.jpg,25,1,25,,,,RunLoseWin,RunBlockB1,,,23,loss
SPADE_Social_Doors_052318,3846,1,18+,"<?xml version=""1.0""?>\n<Clock xmlns:dt=""urn:schemas-microsoft-com:datatypes""><Description dt:dt=""string"">E-Prime Primary Realtime Clock</Description><StartTime><Timestamp dt:dt=""int"">0</Timestamp><DateUtc dt:dt=""string"">2019-04-01T20:22:00Z</DateUtc></StartTime><FrequencyChanges><FrequencyChange><Frequency dt:dt=""r8"">3410117</Frequency><Timestamp dt:dt=""r8"">80797112375</Timestamp><Current dt:dt=""r8"">0</Current><DateUtc dt:dt=""string"">2019-04-01T20:22:00Z</DateUtc></FrequencyChange></FrequencyChanges></Clock>\n",SPADE_Social_Doors_052318-3846-1,75.03,1.0.0.297,0,717725,0,0,5000,0,722725,0,722725,12,717725,0,0,712717,1,-806614696,Professional,2.0.10.356,2.0.10.356,4/1/19,4/1/19 20:22,16:22:00,2.0.10.252,VersionB,2,0,712713,0,0,5000,1,712714,1,712714,6,712713,0,0,-1,712608,712713,712707,0,RunLoseWinB,1,1,2,RunListB,440169,t,440169,418420,26,2,,,,,,,,,,,,,,,,,0,,-3,3,654510,2999,g,1088,655598,-4,654407,4,653911,599,-2,658007,2,657509,600,winfollowloss,UpArrow.bmp,3200,-1,662207,1,659108,0,F72.jpg,,,,,,,,,,,,,,0,0,658109,,0,0,1000,-2,659007,0,659007,2,658109,999,0,100,,0,0,658007,,659007,658107,1,LikeProc,F80.jpg,26,1,26,,,,RunLoseWin,RunBlockB1,,,24,win
SPADE_Social_Doors_052318,3846,1,18+,"<?xml version=""1.0""?>\n<Clock xmlns:dt=""urn:schemas-microsoft-com:datatypes""><Description dt:dt=""string"">E-Prime Primary Realtime Clock</Description><StartTime><Timestamp dt:dt=""int"">0</Timestamp><DateUtc dt:dt=""string"">2019-04-01T20:22:00Z</DateUtc></StartTime><FrequencyChanges><FrequencyChange><Frequency dt:dt=""r8"">3410117</Frequency><Timestamp dt:dt=""r8"">80797112375</Timestamp><Current dt:dt=""r8"">0</Current><DateUtc dt:dt=""string"">2019-04-01T20:22:00Z</DateUtc></FrequencyChange></FrequencyChanges></Clock>\n",SPADE_Social_Doors_052318-3846-1,75.03,1.0.0.297,0,717725,0,0,5000,0,722725,0,722725,12,717725,0,0,712717,1,-806614696,Professional,2.0.10.356,2.0.10.356,4/1/19,4/1/19 20:22,16:22:00,2.0.10.252,VersionB,2,0,712713,0,0,5000,1,712714,1,712714,6,712713,0,0,-1,712608,712713,712707,0,RunLoseWinB,1,1,2,RunListB,440169,t,440169,418420,27,2,,,,,,,,,,,,,,,,,0,,0,0,662907,3012,b,1257,664164,0,662807,0,662307,600,-12,666407,12,665919,600,lossfollowwin,Line.bmp,1100,-11,668507,11,667518,0,F30.jpg,,,,,,,,,,,,,,0,0,666519,,0,0,1000,-12,667407,0,667407,12,666519,999,0,100,,0,0,666407,,667407,666507,1,LikeProc,F50.jpg,27,1,27,,,,RunLoseWin,RunBlockB1,,,25,loss
SPADE_Social_Doors_052318,3846,1,18+,"<?xml version=""1.0""?>\n<Clock xmlns:dt=""urn:schemas-microsoft-com:datatypes""><Description dt:dt=""string"">E-Prime Primary Realtime Clock</Description><StartTime><Timestamp dt:dt=""int"">0</Timestamp><DateUtc dt:dt=""string"">2019-04-01T20:22:00Z</DateUtc></StartTime><FrequencyChanges><FrequencyChange><Frequency dt:dt=""r8"">3410117</Frequency><Timestamp dt:dt=""r8"">80797112375</Timestamp><Current dt:dt=""r8"">0</Current><DateUtc dt:dt=""string"">2019-04-01T20:22:00Z</DateUtc></FrequencyChange></FrequencyChanges></Clock>\n",SPADE_Social_Doors_052318-3846-1,75.03,1.0.0.297,0,717725,0,0,5000,0,722725,0,722725,12,717725,0,0,712717,1,-806614696,Professional,2.0.10.356,2.0.10.356,4/1/19,4/1/19 20:22,16:22:00,2.0.10.252,VersionB,2,0,712713,0,0,5000,1,712714,1,712714,6,712713,0,0,-1,712608,712713,712707,0,RunLoseWinB,1,1,2,RunListB,440169,t,440169,418420,28,2,,,,,,,,,,,,,,,,,0,,-4,4,669211,2999,b,1374,670585,-4,669107,4,668611,600,-3,672707,3,672210,600,lossfollowloss,Line.bmp,1100,-15,674807,15,673822,0,M74.jpg,,,,,,,,,,,,,,0,0,672810,,0,0,1000,-3,673707,0,673707,3,672810,1012,0,100,,0,0,672707,,673707,672807,1,LikeProc,M90.jpg,28,1,28,,,,RunLoseWin,RunBlockB1,,,26,loss
SPADE_Social_Doors_052318,3846,1,18+,"<?xml version=""1.0""?>\n<Clock xmlns:dt=""urn:schemas-microsoft-com:datatypes""><Description dt:dt=""string"">E-Prime Primary Realtime Clock</Description><StartTime><Timestamp dt:dt=""int"">0</Timestamp><DateUtc dt:dt=""string"">2019-04-01T20:22:00Z</DateUtc></StartTime><FrequencyChanges><FrequencyChange><Frequency dt:dt=""r8"">3410117</Frequency><Timestamp dt:dt=""r8"">80797112375</Timestamp><Current dt:dt=""r8"">0</Current><DateUtc dt:dt=""string"">2019-04-01T20:22:00Z</DateUtc></FrequencyChange></FrequencyChanges></Clock>\n",SPADE_Social_Doors_052318-3846-1,75.03,1.0.0.297,0,717725,0,0,5000,0,722725,0,722725,12,717725,0,0,712717,1,-806614696,Professional,2.0.10.356,2.0.10.356,4/1/19,4/1/19 20:22,16:22:00,2.0.10.252,VersionB,2,0,712713,0,0,5000,1,712714,1,712714,6,712713,0,0,-1,712608,712713,712707,0,RunLoseWinB,1,1,2,RunListB,440169,t,440169,418420,29,2,,,,,,,,,,,,,,,,,0,,-8,8,675515,2999,g,1242,676757,-8,675407,8,674915,600,-7,679007,7,678514,600,lossfollowloss,Line.bmp,1100,-20,681107,20,680127,0,M80.jpg,,,,,,,,,,,,,,0,0,679114,,0,0,1000,-7,680007,0,680007,7,679114,1013,0,100,,0,0,679007,,680007,679107,1,LikeProc,M64.jpg,29,1,29,,,,RunLoseWin,RunBlockB1,,,27,loss
SPADE_Social_Doors_052318,3846,1,18+,"<?xml version=""1.0""?>\n<Clock xmlns:dt=""urn:schemas-microsoft-com:datatypes""><Description dt:dt=""string"">E-Prime Primary Realtime Clock</Description><StartTime><Timestamp dt:dt=""int"">0</Timestamp><DateUtc dt:dt=""string"">2019-04-01T20:22:00Z</DateUtc></StartTime><FrequencyChanges><FrequencyChange><Frequency dt:dt=""r8"">3410117</Frequency><Timestamp dt:dt=""r8"">80797112375</Timestamp><Current dt:dt=""r8"">0</Current><DateUtc dt:dt=""string"">2019-04-01T20:22:00Z</DateUtc></FrequencyChange></FrequencyChanges></Clock>\n",SPADE_Social_Doors_052318-3846-1,75.03,1.0.0.297,0,717725,0,0,5000,0,722725,0,722725,12,717725,0,0,712717,1,-806614696,Professional,2.0.10.356,2.0.10.356,4/1/19,4/1/19 20:22,16:22:00,2.0.10.252,VersionB,2,0,712713,0,0,5000,1,712714,1,712714,6,712713,0,0,-1,712608,712713,712707,0,RunLoseWinB,1,1,2,RunListB,440169,t,440169,418420,30,2,,,,,,,,,,,,,,,,,0,,-12,12,681819,2999,b,1066,682885,-13,681707,13,681220,599,-11,685307,11,684818,600,lossfollowloss,Line.bmp,5300,-24,691607,24,686431,0,F06.jpg,,,,,,,,,,,,,,0,0,685418,,0,0,1000,-11,686307,0,686307,11,685418,1013,0,100,,0,0,685307,,686307,685407,1,LikeProc,F32.jpg,30,1,30,,,,RunLoseWin,RunBlockB1,,,28,loss
SPADE_Social_Doors_052318,3846,1,18+,"<?xml version=""1.0""?>\n<Clock xmlns:dt=""urn:schemas-microsoft-com:datatypes""><Description dt:dt=""string"">E-Prime Primary Realtime Clock</Description><StartTime><Timestamp dt:dt=""int"">0</Timestamp><DateUtc dt:dt=""string"">2019-04-01T20:22:00Z</DateUtc></StartTime><FrequencyChanges><FrequencyChange><Frequency dt:dt=""r8"">3410117</Frequency><Timestamp dt:dt=""r8"">80797112375</Timestamp><Current dt:dt=""r8"">0</Current><DateUtc dt:dt=""string"">2019-04-01T20:22:00Z</DateUtc></FrequencyChange></FrequencyChanges></Clock>\n",SPADE_Social_Doors_052318-3846-1,75.03,1.0.0.297,0,717725,0,0,5000,0,722725,0,722725,12,717725,0,0,712717,1,-806614696,Professional,2.0.10.356,2.0.10.356,4/1/19,4/1/19 20:22,16:22:00,2.0.10.252,VersionB,2,0,712713,0,0,5000,1,712714,1,712714,6,712713,0,0,-1,712608,712713,712707,0,RunLoseWinB,1,1,2,RunListB,440169,t,440169,418420,31,2,,,,,,,,,,,,,,,,,0,,-1,1,692308,2999,g,909,693217,-2,692207,2,691709,599,0,695807,0,695307,600,winfollowloss,UpArrow.bmp,5300,-26,702107,26,696933,0,F120.jpg,,,,,,,,,,,,,,0,0,695907,,0,0,1000,0,696807,0,696807,0,695907,1026,0,100,,0,0,695807,,696807,695907,1,LikeProc,F118.jpg,31,1,31,,,,RunLoseWin,RunBlockB1,,,29,win
SPADE_Social_Doors_052318,3846,1,18+,"<?xml version=""1.0""?>\n<Clock xmlns:dt=""urn:schemas-microsoft-com:datatypes""><Description dt:dt=""string"">E-Prime Primary Realtime Clock</Description><StartTime><Timestamp dt:dt=""int"">0</Timestamp><DateUtc dt:dt=""string"">2019-04-01T20:22:00Z</DateUtc></StartTime><FrequencyChanges><FrequencyChange><Frequency dt:dt=""r8"">3410117</Frequency><Timestamp dt:dt=""r8"">80797112375</Timestamp><Current dt:dt=""r8"">0</Current><DateUtc dt:dt=""string"">2019-04-01T20:22:00Z</DateUtc></FrequencyChange></FrequencyChanges></Clock>\n",SPADE_Social_Doors_052318-3846-1,75.03,1.0.0.297,0,717725,0,0,5000,0,722725,0,722725,12,717725,0,0,712717,1,-806614696,Professional,2.0.10.356,2.0.10.356,4/1/19,4/1/19 20:22,16:22:00,2.0.10.252,VersionB,2,0,712713,0,0,5000,1,712714,1,712714,6,712713,0,0,-1,712608,712713,712707,0,RunLoseWinB,1,1,2,RunListB,440169,t,440169,418420,32,2,,,,,,,,,,,,,,,,,0,,-4,4,702811,2999,b,688,703499,-4,702707,4,702211,600,-3,706307,3,705810,599,winfollowwin,UpArrow.bmp,5300,-2,712607,2,707409,0,F20.jpg,,,,,,,,,,,,,,0,0,706409,,0,0,1000,-2,707307,0,707307,2,706409,1000,0,100,,0,0,706307,,707307,706407,1,LikeProc,F12.jpg,32,1,32,,,,RunLoseWin,RunBlockB1,,,30,win